Sno,Date,Province/State,Country,Last Update,Confirmed,Deaths,Recovered
1,1/22/2020 12:00,Anhui,China,1/22/2020 12:00,1.0,0.0,0.0
2,1/22/2020 12:00,Beijing,China,1/22/2020 12:00,14.0,0.0,0.0
3,1/22/2020 12:00,Chongqing,China,1/22/2020 12:00,6.0,0.0,0.0
4,1/22/2020 12:00,Fujian,China,1/22/2020 12:00,1.0,0.0,0.0
5,1/22/2020 12:00,Gansu,China,1/22/2020 12:00,0.0,0.0,0.0
6,1/22/2020 12:00,Guangdong,China,1/22/2020 12:00,26.0,0.0,0.0
7,1/22/2020 12:00,Guangxi,China,1/22/2020 12:00,2.0,0.0,0.0
8,1/22/2020 12:00,Guizhou,China,1/22/2020 12:00,1.0,0.0,0.0
9,1/22/2020 12:00,Hainan,China,1/22/2020 12:00,4.0,0.0,0.0
10,1/22/2020 12:00,Hebei,China,1/22/2020 12:00,1.0,0.0,0.0
11,1/22/2020 12:00,Heilongjiang,China,1/22/2020 12:00,0.0,0.0,0.0
12,1/22/2020 12:00,Henan,China,1/22/2020 12:00,5.0,0.0,0.0
13,1/22/2020 12:00,Hong Kong,China,1/22/2020 12:00,0.0,0.0,0.0
14,1/22/2020 12:00,Hubei,China,1/22/2020 12:00,444.0,0.0,0.0
15,1/22/2020 12:00,Hunan,China,1/22/2020 12:00,4.0,0.0,0.0
16,1/22/2020 12:00,Inner Mongolia,China,1/22/2020 12:00,0.0,0.0,0.0
17,1/22/2020 12:00,Jiangsu,China,1/22/2020 12:00,1.0,0.0,0.0
18,1/22/2020 12:00,Jiangxi,China,1/22/2020 12:00,2.0,0.0,0.0
19,1/22/2020 12:00,Jilin,China,1/22/2020 12:00,0.0,0.0,0.0
20,1/22/2020 12:00,Liaoning,China,1/22/2020 12:00,2.0,0.0,0.0
21,1/22/2020 12:00,Macau,China,1/22/2020 12:00,1.0,0.0,0.0
22,1/22/2020 12:00,Ningxia,China,1/22/2020 12:00,1.0,0.0,0.0
23,1/22/2020 12:00,Qinghai,China,1/22/2020 12:00,0.0,0.0,0.0
24,1/22/2020 12:00,Shaanxi,China,1/22/2020 12:00,0.0,0.0,0.0
25,1/22/2020 12:00,Shandong,China,1/22/2020 12:00,2.0,0.0,0.0
26,1/22/2020 12:00,Shanghai,China,1/22/2020 12:00,9.0,0.0,0.0
27,1/22/2020 12:00,Shanxi,China,1/22/2020 12:00,1.0,0.0,0.0
28,1/22/2020 12:00,Sichuan,China,1/22/2020 12:00,5.0,0.0,0.0
29,1/22/2020 12:00,Taiwan,China,1/22/2020 12:00,1.0,0.0,0.0
30,1/22/2020 12:00,Tianjin,China,1/22/2020 12:00,4.0,0.0,0.0
31,1/22/2020 12:00,Tibet,China,1/22/2020 12:00,0.0,0.0,0.0
32,1/22/2020 12:00,Washington,US,1/22/2020 12:00,1.0,0.0,0.0
33,1/22/2020 12:00,Xinjiang,China,1/22/2020 12:00,0.0,0.0,0.0
34,1/22/2020 12:00,Yunnan,China,1/22/2020 12:00,1.0,0.0,0.0
35,1/22/2020 12:00,Zhejiang,China,1/22/2020 12:00,10.0,0.0,0.0
36,1/22/2020 12:00,,Japan,1/22/2020 12:00,2.0,0.0,0.0
37,1/22/2020 12:00,,Thailand,1/22/2020 12:00,2.0,0.0,0.0
38,1/22/2020 12:00,,South Korea,1/22/2020 12:00,1.0,0.0,0.0
39,1/23/20 12:00 PM,Anhui,Mainland China,1/23/20 12:00 PM,9.0,0.0,0.0
40,1/23/20 12:00 PM,Beijing,Mainland China,1/23/20 12:00 PM,22.0,0.0,0.0
41,1/23/20 12:00 PM,Chongqing,Mainland China,1/23/20 12:00 PM,9.0,0.0,0.0
42,1/23/20 12:00 PM,Fujian,Mainland China,1/23/20 12:00 PM,5.0,0.0,0.0
43,1/23/20 12:00 PM,Gansu,Mainland China,1/23/20 12:00 PM,2.0,0.0,0.0
44,1/23/20 12:00 PM,Guangdong,Mainland China,1/23/20 12:00 PM,32.0,0.0,2.0
45,1/23/20 12:00 PM,Guangxi,Mainland China,1/23/20 12:00 PM,5.0,0.0,0.0
46,1/23/20 12:00 PM,Guizhou,Mainland China,1/23/20 12:00 PM,3.0,0.0,0.0
47,1/23/20 12:00 PM,Hainan,Mainland China,1/23/20 12:00 PM,5.0,0.0,0.0
48,1/23/20 12:00 PM,Hebei,Mainland China,1/23/20 12:00 PM,1.0,1.0,0.0
49,1/23/20 12:00 PM,Heilongjiang,Mainland China,1/23/20 12:00 PM,2.0,0.0,0.0
50,1/23/20 12:00 PM,Henan,Mainland China,1/23/20 12:00 PM,5.0,0.0,0.0
51,1/23/20 12:00 PM,Hong Kong,Hong Kong,1/23/20 12:00 PM,2.0,0.0,0.0
52,1/23/20 12:00 PM,Hubei,Mainland China,1/23/20 12:00 PM,444.0,17.0,28.0
53,1/23/20 12:00 PM,Hunan,Mainland China,1/23/20 12:00 PM,9.0,0.0,0.0
54,1/23/20 12:00 PM,Inner Mongolia,Mainland China,1/23/20 12:00 PM,0.0,0.0,0.0
55,1/23/20 12:00 PM,Jiangsu,Mainland China,1/23/20 12:00 PM,5.0,0.0,0.0
56,1/23/20 12:00 PM,Jiangxi,Mainland China,1/23/20 12:00 PM,7.0,0.0,0.0
57,1/23/20 12:00 PM,Jilin,Mainland China,1/23/20 12:00 PM,1.0,0.0,0.0
58,1/23/20 12:00 PM,Liaoning,Mainland China,1/23/20 12:00 PM,3.0,0.0,0.0
59,1/23/20 12:00 PM,Macau,Macau,1/23/20 12:00 PM,2.0,0.0,0.0
60,1/23/20 12:00 PM,Ningxia,Mainland China,1/23/20 12:00 PM,1.0,0.0,0.0
61,1/23/20 12:00 PM,Qinghai,Mainland China,1/23/20 12:00 PM,0.0,0.0,0.0
62,1/23/20 12:00 PM,Shaanxi,Mainland China,1/23/20 12:00 PM,3.0,0.0,0.0
63,1/23/20 12:00 PM,Shandong,Mainland China,1/23/20 12:00 PM,6.0,0.0,0.0
64,1/23/20 12:00 PM,Shanghai,Mainland China,1/23/20 12:00 PM,16.0,0.0,0.0
65,1/23/20 12:00 PM,Shanxi,Mainland China,1/23/20 12:00 PM,1.0,0.0,0.0
66,1/23/20 12:00 PM,Sichuan,Mainland China,1/23/20 12:00 PM,8.0,0.0,0.0
67,1/23/20 12:00 PM,Taiwan,Taiwan,1/23/20 12:00 PM,1.0,0.0,0.0
68,1/23/20 12:00 PM,Tianjin,Mainland China,1/23/20 12:00 PM,4.0,0.0,0.0
69,1/23/20 12:00 PM,Tibet,Mainland China,1/23/20 12:00 PM,0.0,0.0,0.0
70,1/23/20 12:00 PM,Washington,US,1/23/20 12:00 PM,1.0,0.0,0.0
71,1/23/20 12:00 PM,Xinjiang,Mainland China,1/23/20 12:00 PM,2.0,0.0,0.0
72,1/23/20 12:00 PM,Yunnan,Mainland China,1/23/20 12:00 PM,2.0,0.0,0.0
73,1/23/20 12:00 PM,Zhejiang,Mainland China,1/23/20 12:00 PM,27.0,0.0,0.0
74,1/23/20 12:00 PM,,Japan,1/23/20 12:00 PM,1.0,0.0,0.0
75,1/23/20 12:00 PM,,Thailand,1/23/20 12:00 PM,3.0,0.0,0.0
76,1/23/20 12:00 PM,,South Korea,1/23/20 12:00 PM,1.0,0.0,0.0
77,1/23/20 12:00 PM,,Singapore,1/23/20 12:00 PM,1.0,0.0,0.0
78,1/23/20 12:00 PM,,Philippines,1/23/20 12:00 PM,0.0,0.0,0.0
79,1/23/20 12:00 PM,,Malaysia,1/23/20 12:00 PM,0.0,0.0,0.0
80,1/23/20 12:00 PM,,Vietnam,1/23/20 12:00 PM,2.0,0.0,0.0
81,1/23/20 12:00 PM,,Australia,1/23/20 12:00 PM,0.0,0.0,0.0
82,1/23/20 12:00 PM,,Mexico,1/23/20 12:00 PM,0.0,0.0,0.0
83,1/23/20 12:00 PM,,Brazil,1/23/20 12:00 PM,0.0,0.0,0.0
84,1/24/2020 12:00 PM,Hubei,Mainland China,1/24/2020 12:00 PM,549.0,24.0,31.0
85,1/24/2020 12:00 PM,Guangdong,Mainland China,1/24/2020 12:00 PM,53.0,0.0,2.0
86,1/24/2020 12:00 PM,Zhejiang,Mainland China,1/24/2020 12:00 PM,43.0,0.0,1.0
87,1/24/2020 12:00 PM,Beijing,Mainland China,1/24/2020 12:00 PM,36.0,0.0,1.0
88,1/24/2020 12:00 PM,Chongqing,Mainland China,1/24/2020 12:00 PM,27.0,0.0,0.0
89,1/24/2020 12:00 PM,Hunan,Mainland China,1/24/2020 12:00 PM,24.0,0.0,0.0
90,1/24/2020 12:00 PM,Guangxi,Mainland China,1/24/2020 12:00 PM,23.0,0.0,0.0
91,1/24/2020 12:00 PM,Shanghai,Mainland China,1/24/2020 12:00 PM,20.0,0.0,1.0
92,1/24/2020 12:00 PM,Jiangxi,Mainland China,1/24/2020 12:00 PM,18.0,0.0,0.0
93,1/24/2020 12:00 PM,Sichuan,Mainland China,1/24/2020 12:00 PM,15.0,0.0,0.0
94,1/24/2020 12:00 PM,Shandong,Mainland China,1/24/2020 12:00 PM,15.0,0.0,0.0
95,1/24/2020 12:00 PM,Anhui,Mainland China,1/24/2020 12:00 PM,15.0,0.0,0.0
96,1/24/2020 12:00 PM,Fujian,Mainland China,1/24/2020 12:00 PM,10.0,0.0,0.0
97,1/24/2020 12:00 PM,Henan,Mainland China,1/24/2020 12:00 PM,9.0,0.0,0.0
98,1/24/2020 12:00 PM,Jiangsu,Mainland China,1/24/2020 12:00 PM,9.0,0.0,0.0
99,1/24/2020 12:00 PM,Hainan,Mainland China,1/24/2020 12:00 PM,8.0,0.0,0.0
100,1/24/2020 12:00 PM,Tianjin,Mainland China,1/24/2020 12:00 PM,8.0,0.0,0.0
101,1/24/2020 12:00 PM,Yunnan,Mainland China,1/24/2020 12:00 PM,5.0,0.0,0.0
102,1/24/2020 12:00 PM,Shaanxi,Mainland China,1/24/2020 12:00 PM,5.0,0.0,0.0
103,1/24/2020 12:00 PM,Heilongjiang,Mainland China,1/24/2020 12:00 PM,4.0,1.0,0.0
104,1/24/2020 12:00 PM,Liaoning,Mainland China,1/24/2020 12:00 PM,4.0,0.0,0.0
105,1/24/2020 12:00 PM,Guizhou,Mainland China,1/24/2020 12:00 PM,3.0,0.0,0.0
106,1/24/2020 12:00 PM,Jilin,Mainland China,1/24/2020 12:00 PM,3.0,0.0,0.0
107,1/24/2020 12:00 PM,Taiwan,Taiwan,1/24/2020 12:00 PM,3.0,0.0,0.0
108,1/24/2020 12:00 PM,Ningxia,Mainland China,1/24/2020 12:00 PM,2.0,0.0,0.0
109,1/24/2020 12:00 PM,Hong Kong,Hong Kong,1/24/2020 12:00 PM,2.0,0.0,0.0
110,1/24/2020 12:00 PM,Macau,Macau,1/24/2020 12:00 PM,2.0,0.0,0.0
111,1/24/2020 12:00 PM,Hebei,Mainland China,1/24/2020 12:00 PM,2.0,1.0,0.0
112,1/24/2020 12:00 PM,Gansu,Mainland China,1/24/2020 12:00 PM,2.0,0.0,0.0
113,1/24/2020 12:00 PM,Xinjiang,Mainland China,1/24/2020 12:00 PM,2.0,0.0,0.0
114,1/24/2020 12:00 PM,Shanxi,Mainland China,1/24/2020 12:00 PM,1.0,0.0,0.0
115,1/24/2020 12:00 PM,Inner Mongolia,Mainland China,1/24/2020 12:00 PM,1.0,0.0,0.0
116,1/24/2020 12:00 PM,Qinghai,Mainland China,1/24/2020 12:00 PM,0.0,0.0,0.0
117,1/24/2020 12:00 PM,Washington,US,1/24/2020 12:00 PM,1.0,0.0,0.0
118,1/24/2020 12:00 PM,Chicago,US,1/24/2020 12:00 PM,1.0,0.0,0.0
119,1/24/2020 12:00 PM,,Japan,1/24/2020 12:00 PM,2.0,0.0,0.0
120,1/24/2020 12:00 PM,,Thailand,1/24/2020 12:00 PM,5.0,0.0,0.0
121,1/24/2020 12:00 PM,,South Korea,1/24/2020 12:00 PM,2.0,0.0,0.0
122,1/24/2020 12:00 PM,,Singapore,1/24/2020 12:00 PM,3.0,0.0,0.0
123,1/24/2020 12:00 PM,,Vietnam,1/24/2020 12:00 PM,2.0,0.0,0.0
124,1/24/2020 12:00 PM,,France,1/24/2020 4:00 PM,2.0,0.0,0.0
125,1/25/2020 10:00 PM,Hubei,Mainland China,1/25/2020 10:00 PM,1052.0,52.0,42.0
126,1/25/2020 10:00 PM,Zhejiang,Mainland China,1/25/2020 10:00 PM,104.0,0.0,1.0
127,1/25/2020 10:00 PM,Guangdong,Mainland China,1/25/2020 12:00 PM,98.0,0.0,2.0
128,1/25/2020 10:00 PM,Henan,Mainland China,1/25/2020 12:00 PM,83.0,1.0,0.0
129,1/25/2020 10:00 PM,Chongqing,Mainland China,1/25/2020 12:00 PM,75.0,0.0,0.0
130,1/25/2020 10:00 PM,Hunan,Mainland China,1/25/2020 12:00 PM,69.0,0.0,0.0
131,1/25/2020 10:00 PM,Anhui,Mainland China,1/25/2020 12:00 PM,60.0,0.0,0.0
132,1/25/2020 10:00 PM,Beijing,Mainland China,1/25/2020 12:00 PM,51.0,0.0,2.0
133,1/25/2020 10:00 PM,Sichuan,Mainland China,1/25/2020 12:00 PM,44.0,0.0,0.0
134,1/25/2020 10:00 PM,Shanghai,Mainland China,1/25/2020 12:00 PM,40.0,1.0,1.0
135,1/25/2020 10:00 PM,Shandong,Mainland China,1/25/2020 12:00 PM,39.0,0.0,0.0
136,1/25/2020 10:00 PM,Jiangxi,Mainland China,1/25/2020 12:00 PM,36.0,0.0,0.0
137,1/25/2020 10:00 PM,Guangxi,Mainland China,1/25/2020 12:00 PM,33.0,0.0,0.0
138,1/25/2020 10:00 PM,Jiangsu,Mainland China,1/25/2020 12:00 PM,31.0,0.0,1.0
139,1/25/2020 10:00 PM,Hainan,Mainland China,1/25/2020 12:00 PM,19.0,0.0,0.0
140,1/25/2020 10:00 PM,Liaoning,Mainland China,1/25/2020 12:00 PM,19.0,0.0,0.0
141,1/25/2020 10:00 PM,Fujian,Mainland China,1/25/2020 12:00 PM,18.0,1.0,0.0
142,1/25/2020 10:00 PM,Heilongjiang,Mainland China,1/25/2020 12:00 PM,15.0,0.0,0.0
143,1/25/2020 10:00 PM,Shaanxi,Mainland China,1/25/2020 12:00 PM,15.0,0.0,0.0
144,1/25/2020 10:00 PM,Tianjin,Mainland China,1/25/2020 12:00 PM,13.0,0.0,0.0
145,1/25/2020 10:00 PM,Hebei,Mainland China,1/25/2020 12:00 PM,13.0,1.0,0.0
146,1/25/2020 10:00 PM,Yunnan,Mainland China,1/25/2020 12:00 PM,11.0,0.0,0.0
147,1/25/2020 10:00 PM,Shanxi,Mainland China,1/25/2020 12:00 PM,9.0,0.0,0.0
148,1/25/2020 10:00 PM,Inner Mongolia,Mainland China,1/25/2020 12:00 PM,7.0,0.0,0.0
149,1/25/2020 10:00 PM,Gansu,Mainland China,1/25/2020 12:00 PM,7.0,0.0,0.0
150,1/25/2020 10:00 PM,Guizhou,Mainland China,1/25/2020 12:00 PM,5.0,0.0,0.0
151,1/25/2020 10:00 PM,Hong Kong,Hong Kong,1/25/2020 12:00 PM,5.0,0.0,0.0
152,1/25/2020 10:00 PM,Ningxia,Mainland China,1/25/2020 12:00 PM,4.0,0.0,0.0
153,1/25/2020 10:00 PM,Jilin,Mainland China,1/25/2020 12:00 PM,4.0,0.0,0.0
154,1/25/2020 10:00 PM,Xinjiang,Mainland China,1/25/2020 12:00 PM,4.0,0.0,0.0
155,1/25/2020 10:00 PM,Taiwan,Taiwan,1/25/2020 12:00 PM,3.0,0.0,0.0
156,1/25/2020 10:00 PM,Macau,Macau,1/25/2020 12:00 PM,2.0,0.0,0.0
157,1/25/2020 10:00 PM,Qinghai,Mainland China,1/25/2020 12:00 PM,1.0,0.0,0.0
158,1/25/2020 10:00 PM,Washington,US,1/25/2020 12:00 PM,1.0,0.0,0.0
159,1/25/2020 10:00 PM,Illinois,US,1/25/2020 12:00 PM,1.0,0.0,0.0
160,1/25/2020 10:00 PM,,Japan,1/25/2020 12:00 PM,2.0,0.0,0.0
161,1/25/2020 10:00 PM,,Thailand,1/25/2020 12:00 PM,7.0,0.0,0.0
162,1/25/2020 10:00 PM,,South Korea,1/25/2020 12:00 PM,3.0,0.0,0.0
163,1/25/2020 10:00 PM,,Singapore,1/25/2020 12:00 PM,3.0,0.0,0.0
164,1/25/2020 10:00 PM,,Vietnam,1/25/2020 12:00 PM,2.0,0.0,0.0
165,1/25/2020 10:00 PM,,France,1/25/2020 12:00 PM,3.0,0.0,0.0
166,1/25/2020 10:00 PM,,Australia,1/25/2020 12:00 PM,4.0,0.0,0.0
167,1/25/2020 10:00 PM,,Nepal,1/25/2020 12:00 PM,1.0,0.0,0.0
168,1/25/2020 10:00 PM,,Malaysia,1/25/2020 12:00 PM,3.0,0.0,0.0
169,1/26/2020 23:00,Hubei,Mainland China,1/26/2020 23:00,1423.0,76.0,44.0
170,1/26/2020 23:00,Guangdong,Mainland China,1/26/2020 23:00,146.0,0.0,2.0
171,1/26/2020 23:00,Zhejiang,Mainland China,1/26/2020 23:00,128.0,0.0,1.0
172,1/26/2020 23:00,Henan,Mainland China,1/26/2020 23:00,128.0,1.0,0.0
173,1/26/2020 23:00,Chongqing,Mainland China,1/26/2020 23:00,110.0,0.0,0.0
174,1/26/2020 23:00,Hunan,Mainland China,1/26/2020 23:00,100.0,0.0,0.0
175,1/26/2020 23:00,Anhui,Mainland China,1/26/2020 23:00,70.0,0.0,0.0
176,1/26/2020 23:00,Sichuan,Mainland China,1/26/2020 23:00,69.0,0.0,0.0
177,1/26/2020 23:00,Beijing,Mainland China,1/26/2020 23:00,68.0,0.0,2.0
178,1/26/2020 23:00,Shandong,Mainland China,1/26/2020 23:00,63.0,0.0,0.0
179,1/26/2020 23:00,Shanghai,Mainland China,1/26/2020 23:00,53.0,1.0,1.0
180,1/26/2020 23:00,Jiangxi,Mainland China,1/26/2020 23:00,48.0,0.0,0.0
181,1/26/2020 23:00,Jiangsu,Mainland China,1/26/2020 23:00,47.0,0.0,1.0
182,1/26/2020 23:00,Guangxi,Mainland China,1/26/2020 23:00,46.0,0.0,0.0
183,1/26/2020 23:00,Fujian,Mainland China,1/26/2020 23:00,35.0,0.0,0.0
184,1/26/2020 23:00,Liaoning,Mainland China,1/26/2020 23:00,23.0,0.0,0.0
185,1/26/2020 23:00,Hainan,Mainland China,1/26/2020 23:00,22.0,0.0,0.0
186,1/26/2020 23:00,Shaanxi,Mainland China,1/26/2020 23:00,22.0,0.0,0.0
187,1/26/2020 23:00,Heilongjiang,Mainland China,1/26/2020 23:00,21.0,1.0,0.0
188,1/26/2020 23:00,Yunnan,Mainland China,1/26/2020 23:00,19.0,0.0,0.0
189,1/26/2020 23:00,Hebei,Mainland China,1/26/2020 23:00,18.0,1.0,0.0
190,1/26/2020 23:00,Tianjin,Mainland China,1/26/2020 23:00,14.0,0.0,0.0
191,1/26/2020 23:00,Gansu,Mainland China,1/26/2020 23:00,14.0,0.0,0.0
192,1/26/2020 23:00,Shanxi,Mainland China,1/26/2020 23:00,13.0,0.0,0.0
193,1/26/2020 23:00,Inner Mongolia,Mainland China,1/26/2020 23:00,11.0,0.0,0.0
194,1/26/2020 23:00,Hong Kong,Hong Kong,1/26/2020 23:00,8.0,0.0,0.0
195,1/26/2020 23:00,Guizhou,Mainland China,1/26/2020 23:00,7.0,0.0,0.0
196,1/26/2020 23:00,Jilin,Mainland China,1/26/2020 23:00,6.0,0.0,0.0
197,1/26/2020 23:00,Macau,Macau,1/26/2020 23:00,6.0,0.0,0.0
198,1/26/2020 23:00,Xinjiang,Mainland China,1/26/2020 23:00,5.0,0.0,0.0
199,1/26/2020 23:00,Ningxia,Mainland China,1/26/2020 23:00,4.0,0.0,0.0
200,1/26/2020 23:00,Taiwan,Taiwan,1/26/2020 23:00,4.0,0.0,0.0
201,1/26/2020 23:00,Qinghai,Mainland China,1/26/2020 23:00,4.0,0.0,0.0
202,1/26/2020 23:00,Washington,US,1/26/2020 23:00,1.0,0.0,0.0
203,1/26/2020 23:00,Illinois,US,1/26/2020 23:00,1.0,0.0,0.0
204,1/26/2020 23:00,California,US,1/26/2020 23:00,2.0,0.0,0.0
205,1/26/2020 23:00,Arizona,US,1/26/2020 23:00,1.0,0.0,0.0
206,1/26/2020 23:00,,Japan,1/26/2020 23:00,4.0,0.0,1.0
207,1/26/2020 23:00,,Thailand,1/26/2020 23:00,8.0,0.0,2.0
208,1/26/2020 23:00,,South Korea,1/26/2020 23:00,3.0,0.0,0.0
209,1/26/2020 23:00,,Singapore,1/26/2020 23:00,4.0,0.0,0.0
210,1/26/2020 23:00,,Vietnam,1/26/2020 23:00,2.0,0.0,0.0
211,1/26/2020 23:00,,France,1/26/2020 23:00,3.0,0.0,0.0
212,1/26/2020 23:00,,Australia,1/26/2020 23:00,4.0,0.0,0.0
213,1/26/2020 23:00,,Nepal,1/26/2020 23:00,1.0,0.0,0.0
214,1/26/2020 23:00,,Malaysia,1/26/2020 23:00,4.0,0.0,0.0
215,1/26/2020 23:00,Ontario,Canada,1/26/2020 23:00,1.0,0.0,0.0
216,1/27/2020 20:30,Hubei,Mainland China,1/27/2020 20:30,2714.0,100.0,47.0
217,1/27/2020 20:30,Zhejiang,Mainland China,1/27/2020 20:30,173.0,0.0,1.0
218,1/27/2020 20:30,Henan,Mainland China,1/27/2020 20:30,168.0,1.0,0.0
219,1/27/2020 20:30,Guangdong,Mainland China,1/27/2020 20:30,151.0,0.0,4.0
220,1/27/2020 20:30,Chongqing,Mainland China,1/27/2020 20:30,132.0,0.0,0.0
221,1/27/2020 20:30,Anhui,Mainland China,1/27/2020 20:30,106.0,0.0,0.0
222,1/27/2020 20:30,Hunan,Mainland China,1/27/2020 20:30,100.0,0.0,0.0
223,1/27/2020 20:30,Sichuan,Mainland China,1/27/2020 20:30,90.0,0.0,0.0
224,1/27/2020 20:30,Shandong,Mainland China,1/27/2020 20:30,87.0,1.0,0.0
225,1/27/2020 20:30,Beijing,Mainland China,1/27/2020 20:30,80.0,1.0,2.0
226,1/27/2020 20:30,Jiangxi,Mainland China,1/27/2020 20:30,72.0,0.0,2.0
227,1/27/2020 20:30,Jiangsu,Mainland China,1/27/2020 20:30,70.0,0.0,1.0
228,1/27/2020 20:30,Shanghai,Mainland China,1/27/2020 20:30,66.0,1.0,3.0
229,1/27/2020 20:30,Fujian,Mainland China,1/27/2020 20:30,59.0,0.0,0.0
230,1/27/2020 20:30,Guangxi,Mainland China,1/27/2020 20:30,51.0,0.0,0.0
231,1/27/2020 20:30,Shaanxi,Mainland China,1/27/2020 20:30,35.0,0.0,0.0
232,1/27/2020 20:30,Hainan,Mainland China,1/27/2020 20:30,33.0,1.0,0.0
233,1/27/2020 20:30,Hebei,Mainland China,1/27/2020 20:30,33.0,1.0,0.0
234,1/27/2020 20:30,Heilongjiang,Mainland China,1/27/2020 20:30,30.0,1.0,0.0
235,1/27/2020 20:30,Liaoning,Mainland China,1/27/2020 20:30,27.0,0.0,0.0
236,1/27/2020 20:30,Yunnan,Mainland China,1/27/2020 20:30,26.0,0.0,0.0
237,1/27/2020 20:30,Tianjin,Mainland China,1/27/2020 20:30,23.0,0.0,0.0
238,1/27/2020 20:30,Shanxi,Mainland China,1/27/2020 20:30,20.0,0.0,0.0
239,1/27/2020 20:30,Gansu,Mainland China,1/27/2020 20:30,19.0,0.0,0.0
240,1/27/2020 20:30,Inner Mongolia,Mainland China,1/27/2020 20:30,11.0,0.0,0.0
241,1/27/2020 20:30,Guizhou,Mainland China,1/27/2020 20:30,9.0,0.0,0.0
242,1/27/2020 20:30,Hong Kong,Hong Kong,1/27/2020 20:30,8.0,0.0,0.0
243,1/27/2020 20:30,Ningxia,Mainland China,1/27/2020 20:30,7.0,0.0,0.0
244,1/27/2020 20:30,Jilin,Mainland China,1/27/2020 20:30,6.0,0.0,0.0
245,1/27/2020 20:30,Macau,Macau,1/27/2020 20:30,6.0,0.0,0.0
246,1/27/2020 20:30,Qinghai,Mainland China,1/27/2020 20:30,6.0,0.0,0.0
247,1/27/2020 20:30,Taiwan,Taiwan,1/27/2020 20:30,5.0,0.0,0.0
248,1/27/2020 20:30,Xinjiang,Mainland China,1/27/2020 20:30,5.0,0.0,0.0
249,1/27/2020 20:30,Washington,US,1/27/2020 20:30,1.0,0.0,0.0
250,1/27/2020 20:30,Illinois,US,1/27/2020 20:30,1.0,0.0,0.0
251,1/27/2020 20:30,California,US,1/27/2020 20:30,2.0,0.0,0.0
252,1/27/2020 20:30,Arizona,US,1/27/2020 20:30,1.0,0.0,0.0
253,1/27/2020 20:30,,Japan,1/27/2020 20:30,4.0,0.0,1.0
254,1/27/2020 20:30,,Thailand,1/27/2020 20:30,8.0,0.0,2.0
255,1/27/2020 20:30,,South Korea,1/27/2020 20:30,4.0,0.0,0.0
256,1/27/2020 20:30,,Singapore,1/27/2020 20:30,5.0,0.0,0.0
257,1/27/2020 20:30,,Vietnam,1/27/2020 20:30,2.0,0.0,0.0
258,1/27/2020 20:30,,France,1/27/2020 20:30,3.0,0.0,0.0
259,1/27/2020 20:30,,Nepal,1/27/2020 20:30,1.0,0.0,0.0
260,1/27/2020 20:30,,Malaysia,1/27/2020 20:30,4.0,0.0,0.0
261,1/27/2020 20:30,Ontario,Canada,1/27/2020 20:30,1.0,0.0,0.0
262,1/27/2020 20:30,,Cambodia,1/27/2020 20:30,1.0,0.0,0.0
263,1/27/2020 20:30,,Sri Lanka,1/27/2020 20:30,1.0,0.0,0.0
264,1/27/2020 20:30,,Ivory Coast,1/27/2020 20:30,0.0,0.0,0.0
265,1/27/2020 20:30,New South Wales,Australia,1/27/2020 20:30,4.0,0.0,0.0
266,1/27/2020 20:30,Victoria,Australia,1/27/2020 20:30,1.0,0.0,0.0
267,1/27/2020 20:30,Bavaria,Germany,1/27/2020 20:30,1.0,0.0,0.0
268,1/28/2020 23:00,Hubei,Mainland China,1/28/2020 23:00,3554.0,125.0,80.0
269,1/28/2020 23:00,Zhejiang,Mainland China,1/28/2020 23:00,296.0,0.0,3.0
270,1/28/2020 23:00,Guangdong,Mainland China,1/28/2020 23:00,241.0,0.0,5.0
271,1/28/2020 23:00,Hunan,Mainland China,1/28/2020 23:00,221.0,0.0,0.0
272,1/28/2020 23:00,Henan,Mainland China,1/28/2020 23:00,206.0,2.0,1.0
273,1/28/2020 23:00,Anhui,Mainland China,1/28/2020 23:00,152.0,0.0,0.0
274,1/28/2020 23:00,Chongqing,Mainland China,1/28/2020 23:00,147.0,0.0,1.0
275,1/28/2020 23:00,Shandong,Mainland China,1/28/2020 23:00,121.0,0.0,0.0
276,1/28/2020 23:00,Jiangxi,Mainland China,1/28/2020 23:00,109.0,0.0,3.0
277,1/28/2020 23:00,Sichuan,Mainland China,1/28/2020 23:00,108.0,0.0,0.0
278,1/28/2020 23:00,Jiangsu,Mainland China,1/28/2020 23:00,99.0,0.0,1.0
279,1/28/2020 23:00,Beijing,Mainland China,1/28/2020 23:00,91.0,1.0,4.0
280,1/28/2020 23:00,Fujian,Mainland China,1/28/2020 23:00,82.0,0.0,0.0
281,1/28/2020 23:00,Shanghai,Mainland China,1/28/2020 23:00,80.0,1.0,4.0
282,1/28/2020 23:00,Guangxi,Mainland China,1/28/2020 23:00,58.0,0.0,2.0
283,1/28/2020 23:00,Shaanxi,Mainland China,1/28/2020 23:00,56.0,0.0,0.0
284,1/28/2020 23:00,Hebei,Mainland China,1/28/2020 23:00,48.0,1.0,0.0
285,1/28/2020 23:00,Yunnan,Mainland China,1/28/2020 23:00,44.0,0.0,0.0
286,1/28/2020 23:00,Hainan,Mainland China,1/28/2020 23:00,43.0,1.0,0.0
287,1/28/2020 23:00,Heilongjiang,Mainland China,1/28/2020 23:00,37.0,1.0,0.0
288,1/28/2020 23:00,Liaoning,Mainland China,1/28/2020 23:00,36.0,0.0,0.0
289,1/28/2020 23:00,Shanxi,Mainland China,1/28/2020 23:00,27.0,0.0,0.0
290,1/28/2020 23:00,Tianjin,Mainland China,1/28/2020 23:00,25.0,0.0,0.0
291,1/28/2020 23:00,Gansu,Mainland China,1/28/2020 23:00,24.0,0.0,0.0
292,1/28/2020 23:00,Inner Mongolia,Mainland China,1/28/2020 23:00,16.0,0.0,0.0
293,1/28/2020 23:00,Xinjiang,Mainland China,1/28/2020 23:00,13.0,0.0,0.0
294,1/28/2020 23:00,Ningxia,Mainland China,1/28/2020 23:00,12.0,0.0,0.0
295,1/28/2020 23:00,Guizhou,Mainland China,1/28/2020 23:00,9.0,0.0,0.0
296,1/28/2020 23:00,Jilin,Mainland China,1/28/2020 23:00,9.0,0.0,0.0
297,1/28/2020 23:00,Hong Kong,Hong Kong,1/28/2020 23:00,8.0,0.0,0.0
298,1/28/2020 23:00,Taiwan,Taiwan,1/28/2020 23:00,8.0,0.0,0.0
299,1/28/2020 23:00,Macau,Macau,1/28/2020 23:00,7.0,0.0,0.0
300,1/28/2020 23:00,Qinghai,Mainland China,1/28/2020 23:00,6.0,0.0,0.0
301,1/28/2020 23:00,Washington,US,1/28/2020 18:00,1.0,0.0,0.0
302,1/28/2020 23:00,Illinois,US,1/28/2020 23:00,1.0,0.0,0.0
303,1/28/2020 23:00,California,US,1/28/2020 23:00,2.0,0.0,0.0
304,1/28/2020 23:00,Arizona,US,1/28/2020 23:00,1.0,0.0,0.0
305,1/28/2020 23:00,,Japan,1/28/2020 23:00,7.0,0.0,1.0
306,1/28/2020 23:00,,Thailand,1/28/2020 23:00,14.0,0.0,5.0
307,1/28/2020 23:00,,South Korea,1/28/2020 23:00,4.0,0.0,0.0
308,1/28/2020 23:00,,Singapore,1/28/2020 23:00,7.0,0.0,0.0
309,1/28/2020 23:00,,Vietnam,1/28/2020 23:00,2.0,0.0,0.0
310,1/28/2020 23:00,,France,1/28/2020 23:00,4.0,0.0,0.0
311,1/28/2020 23:00,,Nepal,1/28/2020 23:00,1.0,0.0,0.0
312,1/28/2020 23:00,,Malaysia,1/28/2020 23:00,7.0,0.0,0.0
313,1/28/2020 23:00,Ontario,Canada,1/28/2020 23:00,1.0,0.0,0.0
314,1/28/2020 23:00,British Columbia,Canada,1/28/2020 23:00,1.0,0.0,0.0
315,1/28/2020 23:00,,Cambodia,1/28/2020 23:00,1.0,0.0,0.0
316,1/28/2020 23:00,,Sri Lanka,1/28/2020 23:00,1.0,0.0,0.0
317,1/28/2020 23:00,New South Wales,Australia,1/28/2020 23:00,4.0,0.0,0.0
318,1/28/2020 23:00,Victoria,Australia,1/28/2020 23:00,1.0,0.0,0.0
319,1/28/2020 23:00,Bavaria,Germany,1/28/2020 23:00,4.0,0.0,0.0
320,1/29/2020 21:00,Hubei,Mainland China,1/29/2020 21:00,4586.0,162.0,90.0
321,1/29/2020 21:00,Zhejiang,Mainland China,1/29/2020 21:00,428.0,0.0,4.0
322,1/29/2020 21:00,Guangdong,Mainland China,1/29/2020 21:00,311.0,0.0,6.0
323,1/29/2020 21:00,Henan,Mainland China,1/29/2020 21:00,278.0,2.0,2.0
324,1/29/2020 21:00,Hunan,Mainland China,1/29/2020 21:00,277.0,0.0,0.0
325,1/29/2020 21:00,Anhui,Mainland China,1/29/2020 21:00,200.0,0.0,2.0
326,1/29/2020 21:00,Chongqing,Mainland China,1/29/2020 21:00,165.0,0.0,1.0
327,1/29/2020 21:00,Jiangxi,Mainland China,1/29/2020 21:00,162.0,0.0,4.0
328,1/29/2020 21:00,Shandong,Mainland China,1/29/2020 21:00,145.0,0.0,1.0
329,1/29/2020 21:00,Sichuan,Mainland China,1/29/2020 21:00,142.0,1.0,1.0
330,1/29/2020 21:00,Jiangsu,Mainland China,1/29/2020 21:00,129.0,0.0,1.0
331,1/29/2020 21:00,Beijing,Mainland China,1/29/2020 21:00,111.0,1.0,4.0
332,1/29/2020 21:00,Shanghai,Mainland China,1/29/2020 21:00,101.0,1.0,5.0
333,1/29/2020 21:00,Fujian,Mainland China,1/29/2020 21:00,101.0,0.0,0.0
334,1/29/2020 21:00,Guangxi,Mainland China,1/29/2020 21:00,78.0,0.0,2.0
335,1/29/2020 21:00,Hebei,Mainland China,1/29/2020 21:00,65.0,1.0,0.0
336,1/29/2020 21:00,Shaanxi,Mainland China,1/29/2020 21:00,56.0,0.0,0.0
337,1/29/2020 21:00,Yunnan,Mainland China,1/29/2020 21:00,55.0,0.0,0.0
338,1/29/2020 21:00,Hainan,Mainland China,1/29/2020 21:00,43.0,1.0,0.0
339,1/29/2020 21:00,Heilongjiang,Mainland China,1/29/2020 21:00,43.0,1.0,0.0
340,1/29/2020 21:00,Liaoning,Mainland China,1/29/2020 21:00,39.0,0.0,1.0
341,1/29/2020 21:00,Shanxi,Mainland China,1/29/2020 21:00,35.0,0.0,1.0
342,1/29/2020 21:00,Tianjin,Mainland China,1/29/2020 21:00,27.0,0.0,0.0
343,1/29/2020 21:00,Gansu,Mainland China,1/29/2020 21:00,26.0,0.0,0.0
344,1/29/2020 21:00,Inner Mongolia,Mainland China,1/29/2020 21:00,16.0,0.0,0.0
345,1/29/2020 21:00,Jilin,Mainland China,1/29/2020 21:00,14.0,0.0,1.0
346,1/29/2020 21:00,Xinjiang,Mainland China,1/29/2020 21:00,14.0,0.0,0.0
347,1/29/2020 21:00,Guizhou,Mainland China,1/29/2020 21:00,12.0,0.0,1.0
348,1/29/2020 21:00,Ningxia,Mainland China,1/29/2020 21:00,12.0,0.0,0.0
349,1/29/2020 21:00,Hong Kong,Hong Kong,1/29/2020 21:00,10.0,0.0,0.0
350,1/29/2020 21:00,Taiwan,Taiwan,1/29/2020 21:00,8.0,0.0,0.0
351,1/29/2020 21:00,Macau,Macau,1/29/2020 21:00,7.0,0.0,0.0
352,1/29/2020 21:00,Qinghai,Mainland China,1/29/2020 21:00,6.0,0.0,0.0
353,1/29/2020 21:00,Tibet,Mainland China,1/29/2020 21:00,1.0,0.0,0.0
354,1/29/2020 21:00,Washington,US,1/29/2020 21:00,1.0,0.0,0.0
355,1/29/2020 21:00,Illinois,US,1/29/2020 21:00,1.0,0.0,0.0
356,1/29/2020 21:00,California,US,1/29/2020 21:00,2.0,0.0,0.0
357,1/29/2020 21:00,Arizona,US,1/29/2020 21:00,1.0,0.0,0.0
358,1/29/2020 21:00,,Japan,1/29/2020 21:00,11.0,0.0,1.0
359,1/29/2020 21:00,,Thailand,1/29/2020 21:00,14.0,0.0,5.0
360,1/29/2020 21:00,,South Korea,1/29/2020 21:00,4.0,0.0,0.0
361,1/29/2020 21:00,,Singapore,1/29/2020 21:00,10.0,0.0,0.0
362,1/29/2020 21:00,,Vietnam,1/29/2020 21:00,2.0,0.0,0.0
363,1/29/2020 21:00,,France,1/29/2020 21:00,5.0,0.0,0.0
364,1/29/2020 21:00,,Nepal,1/29/2020 21:00,1.0,0.0,0.0
365,1/29/2020 21:00,,Malaysia,1/29/2020 21:00,7.0,0.0,0.0
366,1/29/2020 21:00,Ontario,Canada,1/29/2020 21:00,2.0,0.0,0.0
367,1/29/2020 21:00,British Columbia,Canada,1/29/2020 21:00,1.0,0.0,0.0
368,1/29/2020 21:00,,Cambodia,1/29/2020 21:00,1.0,0.0,0.0
369,1/29/2020 21:00,,Sri Lanka,1/29/2020 21:00,1.0,0.0,0.0
370,1/29/2020 21:00,New South Wales,Australia,1/29/2020 21:00,4.0,0.0,0.0
371,1/29/2020 21:00,Victoria,Australia,1/29/2020 21:00,2.0,0.0,0.0
372,1/29/2020 21:00,Queensland,Australia,1/29/2020 21:00,1.0,0.0,0.0
373,1/29/2020 21:00,Bavaria,Germany,1/29/2020 21:00,4.0,0.0,0.0
374,1/29/2020 21:00,,Finland,1/29/2020 21:00,1.0,0.0,0.0
375,1/29/2020 21:00,,United Arab Emirates,1/29/2020 21:00,4.0,0.0,0.0
376,1/30/2020 21:30,Hubei,Mainland China,1/30/2020 21:30,5806.0,204.0,116.0
377,1/30/2020 21:30,Zhejiang,Mainland China,1/30/2020 21:30,537.0,0.0,9.0
378,1/30/2020 21:30,Guangdong,Mainland China,1/30/2020 21:30,393.0,0.0,11.0
379,1/30/2020 21:30,Henan,Mainland China,1/30/2020 21:30,352.0,2.0,3.0
380,1/30/2020 21:30,Hunan,Mainland China,1/30/2020 21:30,332.0,0.0,2.0
381,1/30/2020 21:30,Jiangxi,Mainland China,1/30/2020 21:30,240.0,0.0,7.0
382,1/30/2020 21:30,Anhui,Mainland China,1/30/2020 21:30,237.0,0.0,3.0
383,1/30/2020 21:30,Chongqing,Mainland China,1/30/2020 21:30,206.0,0.0,1.0
384,1/30/2020 21:30,Shandong,Mainland China,1/30/2020 21:30,178.0,0.0,2.0
385,1/30/2020 21:30,Sichuan,Mainland China,1/30/2020 21:30,177.0,1.0,1.0
386,1/30/2020 21:30,Jiangsu,Mainland China,1/30/2020 21:30,168.0,0.0,2.0
387,1/30/2020 21:30,Shanghai,Mainland China,1/30/2020 21:30,128.0,1.0,9.0
388,1/30/2020 21:30,Beijing,Mainland China,1/30/2020 21:30,121.0,1.0,5.0
389,1/30/2020 21:30,Fujian,Mainland China,1/30/2020 21:30,101.0,0.0,0.0
390,1/30/2020 21:30,Guangxi,Mainland China,1/30/2020 21:30,87.0,0.0,2.0
391,1/30/2020 21:30,Hebei,Mainland China,1/30/2020 21:30,82.0,1.0,0.0
392,1/30/2020 21:30,Yunnan,Mainland China,1/30/2020 21:30,76.0,0.0,0.0
393,1/30/2020 21:30,Shaanxi,Mainland China,1/30/2020 21:30,87.0,0.0,0.0
394,1/30/2020 21:30,Heilongjiang,Mainland China,1/30/2020 21:30,59.0,2.0,0.0
395,1/30/2020 21:30,Hainan,Mainland China,1/30/2020 21:30,50.0,1.0,1.0
396,1/30/2020 21:30,Liaoning,Mainland China,1/30/2020 21:30,45.0,0.0,1.0
397,1/30/2020 21:30,Shanxi,Mainland China,1/30/2020 21:30,39.0,0.0,1.0
398,1/30/2020 21:30,Tianjin,Mainland China,1/30/2020 21:30,32.0,0.0,0.0
399,1/30/2020 21:30,Gansu,Mainland China,1/30/2020 21:30,29.0,0.0,0.0
400,1/30/2020 21:30,Ningxia,Mainland China,1/30/2020 21:30,21.0,0.0,1.0
401,1/30/2020 21:30,Inner Mongolia,Mainland China,1/30/2020 21:30,20.0,0.0,0.0
402,1/30/2020 21:30,Xinjiang,Mainland China,1/30/2020 21:30,17.0,0.0,0.0
403,1/30/2020 21:30,Guizhou,Mainland China,1/30/2020 21:30,15.0,0.0,1.0
404,1/30/2020 21:30,Jilin,Mainland China,1/30/2020 21:30,14.0,0.0,1.0
405,1/30/2020 21:30,Hong Kong,Hong Kong,1/30/2020 21:30,12.0,0.0,0.0
406,1/30/2020 21:30,Taiwan,Taiwan,1/30/2020 21:30,9.0,0.0,0.0
407,1/30/2020 21:30,Qinghai,Mainland China,1/30/2020 21:30,8.0,0.0,0.0
408,1/30/2020 21:30,Macau,Macau,1/30/2020 21:30,7.0,0.0,0.0
409,1/30/2020 21:30,Tibet,Mainland China,1/30/2020 21:30,1.0,0.0,0.0
410,1/30/2020 21:30,Washington,US,1/30/2020 21:30,1.0,0.0,0.0
411,1/30/2020 21:30,Illinois,US,1/30/2020 21:30,2.0,0.0,0.0
412,1/30/2020 21:30,California,US,1/30/2020 21:30,2.0,0.0,0.0
413,1/30/2020 21:30,Arizona,US,1/30/2020 21:30,1.0,0.0,0.0
414,1/30/2020 21:30,,Japan,1/30/2020 21:30,11.0,0.0,1.0
415,1/30/2020 21:30,,Thailand,1/30/2020 21:30,14.0,0.0,5.0
416,1/30/2020 21:30,,South Korea,1/30/2020 21:30,6.0,0.0,0.0
417,1/30/2020 21:30,,Singapore,1/30/2020 21:30,10.0,0.0,0.0
418,1/30/2020 21:30,,Vietnam,1/30/2020 21:30,2.0,0.0,0.0
419,1/30/2020 21:30,,France,1/30/2020 21:30,5.0,0.0,0.0
420,1/30/2020 21:30,,Nepal,1/30/2020 21:30,1.0,0.0,0.0
421,1/30/2020 21:30,,Malaysia,1/30/2020 21:30,8.0,0.0,0.0
422,1/30/2020 21:30,Ontario,Canada,1/30/2020 21:30,2.0,0.0,0.0
423,1/30/2020 21:30,British Columbia,Canada,1/30/2020 21:30,1.0,0.0,0.0
424,1/30/2020 21:30,,Cambodia,1/30/2020 21:30,1.0,0.0,0.0
425,1/30/2020 21:30,,Sri Lanka,1/30/2020 21:30,1.0,0.0,0.0
426,1/30/2020 21:30,New South Wales,Australia,1/30/2020 21:30,4.0,0.0,2.0
427,1/30/2020 21:30,Victoria,Australia,1/30/2020 21:30,2.0,0.0,0.0
428,1/30/2020 21:30,Queensland,Australia,1/30/2020 21:30,3.0,0.0,0.0
429,1/30/2020 21:30,Bavaria,Germany,1/30/2020 21:30,4.0,0.0,0.0
430,1/30/2020 21:30,,Finland,1/30/2020 21:30,1.0,0.0,0.0
431,1/30/2020 21:30,,United Arab Emirates,1/30/2020 21:30,4.0,0.0,0.0
432,1/30/2020 21:30,,Philippines,1/30/2020 21:30,1.0,0.0,0.0
433,1/30/2020 21:30,,India,1/30/2020 21:30,1.0,0.0,0.0
434,1/30/2020 21:30,,Italy,1/30/2020 21:30,2.0,0.0,0.0
435,1/31/2020 19:00,Hubei,Mainland China,1/31/2020 19:00,7153.0,249.0,169.0
436,1/31/2020 19:00,Zhejiang,Mainland China,1/31/2020 19:00,537.0,0.0,14.0
437,1/31/2020 19:00,Guangdong,Mainland China,1/31/2020 19:00,436.0,0.0,10.0
438,1/31/2020 19:00,Henan,Mainland China,1/31/2020 19:00,352.0,2.0,3.0
439,1/31/2020 19:00,Hunan,Mainland China,1/31/2020 19:00,332.0,0.0,3.0
440,1/31/2020 19:00,Jiangxi,Mainland China,1/31/2020 19:00,240.0,0.0,7.0
441,1/31/2020 19:00,Chongqing,Mainland China,1/31/2020 19:00,238.0,1.0,1.0
442,1/31/2020 19:00,Anhui,Mainland China,1/31/2020 19:00,237.0,0.0,3.0
443,1/31/2020 19:00,Shandong,Mainland China,1/31/2020 19:00,184.0,0.0,2.0
444,1/31/2020 19:00,Sichuan,Mainland China,1/31/2020 19:00,177.0,1.0,1.0
445,1/31/2020 19:00,Jiangsu,Mainland China,1/31/2020 19:00,168.0,0.0,5.0
446,1/31/2020 19:00,Shanghai,Mainland China,1/31/2020 19:00,153.0,1.0,9.0
447,1/31/2020 19:00,Beijing,Mainland China,1/31/2020 19:00,139.0,1.0,5.0
448,1/31/2020 19:00,Fujian,Mainland China,1/31/2020 19:00,120.0,0.0,0.0
449,1/31/2020 19:00,Hebei,Mainland China,1/31/2020 19:00,96.0,1.0,0.0
450,1/31/2020 19:00,Guangxi,Mainland China,1/31/2020 19:00,88.0,0.0,2.0
451,1/31/2020 19:00,Shaanxi,Mainland China,1/31/2020 19:00,87.0,0.0,0.0
452,1/31/2020 19:00,Yunnan,Mainland China,1/31/2020 19:00,83.0,0.0,1.0
453,1/31/2020 19:00,Liaoning,Mainland China,1/31/2020 19:00,60.0,0.0,1.0
454,1/31/2020 19:00,Heilongjiang,Mainland China,1/31/2020 19:00,59.0,2.0,0.0
455,1/31/2020 19:00,Hainan,Mainland China,1/31/2020 19:00,58.0,1.0,1.0
456,1/31/2020 19:00,Shanxi,Mainland China,1/31/2020 19:00,47.0,0.0,1.0
457,1/31/2020 19:00,Gansu,Mainland China,1/31/2020 19:00,35.0,0.0,0.0
458,1/31/2020 19:00,Tianjin,Mainland China,1/31/2020 19:00,32.0,0.0,0.0
459,1/31/2020 19:00,Guizhou,Mainland China,1/31/2020 19:00,29.0,0.0,2.0
460,1/31/2020 19:00,Ningxia,Mainland China,1/31/2020 19:00,21.0,0.0,1.0
461,1/31/2020 19:00,Inner Mongolia,Mainland China,1/31/2020 19:00,20.0,0.0,0.0
462,1/31/2020 19:00,Xinjiang,Mainland China,1/31/2020 19:00,17.0,0.0,0.0
463,1/31/2020 19:00,Jilin,Mainland China,1/31/2020 19:00,14.0,0.0,1.0
464,1/31/2020 19:00,Hong Kong,Hong Kong,1/31/2020 19:00,13.0,0.0,0.0
465,1/31/2020 19:00,Taiwan,Taiwan,1/31/2020 19:00,10.0,0.0,0.0
466,1/31/2020 19:00,Qinghai,Mainland China,1/31/2020 19:00,8.0,0.0,0.0
467,1/31/2020 19:00,Macau,Macau,1/31/2020 19:00,7.0,0.0,0.0
468,1/31/2020 19:00,Tibet,Mainland China,1/31/2020 19:00,1.0,0.0,0.0
469,1/31/2020 19:00,Washington,US,1/31/2020 19:00,1.0,0.0,0.0
470,1/31/2020 19:00,Illinois,US,1/31/2020 19:00,2.0,0.0,0.0
471,1/31/2020 19:00,California,US,1/31/2020 19:00,3.0,0.0,0.0
472,1/31/2020 19:00,Arizona,US,1/31/2020 19:00,1.0,0.0,0.0
473,1/31/2020 19:00,,Japan,1/31/2020 19:00,17.0,0.0,1.0
474,1/31/2020 19:00,,Thailand,1/31/2020 19:00,19.0,0.0,7.0
475,1/31/2020 19:00,,South Korea,1/31/2020 19:00,11.0,0.0,0.0
476,1/31/2020 19:00,,Singapore,1/31/2020 19:00,16.0,0.0,0.0
477,1/31/2020 19:00,,Vietnam,1/31/2020 19:00,2.0,0.0,0.0
478,1/31/2020 19:00,,France,1/31/2020 19:00,6.0,0.0,0.0
479,1/31/2020 19:00,,Nepal,1/31/2020 19:00,1.0,0.0,0.0
480,1/31/2020 19:00,,Malaysia,1/31/2020 19:00,8.0,0.0,0.0
481,1/31/2020 19:00,Ontario,Canada,1/31/2020 19:00,2.0,0.0,0.0
482,1/31/2020 19:00,British Columbia,Canada,1/31/2020 19:00,1.0,0.0,0.0
483,1/31/2020 19:00,,Cambodia,1/31/2020 19:00,1.0,0.0,0.0
484,1/31/2020 19:00,,Sri Lanka,1/31/2020 19:00,1.0,0.0,0.0
485,1/31/2020 19:00,New South Wales,Australia,1/31/2020 19:00,4.0,0.0,2.0
486,1/31/2020 19:00,Victoria,Australia,1/31/2020 19:00,2.0,0.0,0.0
487,1/31/2020 19:00,Queensland,Australia,1/31/2020 19:00,3.0,0.0,0.0
488,1/31/2020 19:00,Bavaria,Germany,1/31/2020 19:00,7.0,0.0,0.0
489,1/31/2020 19:00,,Finland,1/31/2020 19:00,1.0,0.0,0.0
490,1/31/2020 19:00,,United Arab Emirates,1/31/2020 19:00,4.0,0.0,0.0
491,1/31/2020 19:00,,Philippines,1/31/2020 19:00,1.0,0.0,0.0
492,1/31/2020 19:00,,India,1/31/2020 19:00,1.0,0.0,0.0
493,1/31/2020 19:00,,Italy,1/31/2020 19:00,2.0,0.0,0.0
494,1/31/2020 19:00,,Sweden,1/31/2020 19:00,1.0,0.0,0.0
495,1/31/2020 19:00,,Russia,1/31/2020 19:00,2.0,0.0,0.0
496,1/31/2020 19:00,,Spain,1/31/2020 19:00,1.0,0.0,0.0
497,1/31/2020 19:00,,UK,1/31/2020 19:00,2.0,0.0,0.0
498,2020-01-02 23:00:00,Hubei,Mainland China,2020-01-02 23:33:00,9074.0,294.0,215.0
499,2020-01-02 23:00:00,Zhejiang,Mainland China,2020-02-02 02:13:00,661.0,0.0,23.0
500,2020-01-02 23:00:00,Guangdong,Mainland China,2020-02-02 01:23:00,604.0,0.0,14.0
501,2020-01-02 23:00:00,Henan,Mainland China,2020-02-02 00:53:00,493.0,2.0,4.0
502,2020-01-02 23:00:00,Hunan,Mainland China,2020-02-02 01:53:00,463.0,0.0,8.0
503,2020-01-02 23:00:00,Anhui,Mainland China,2020-02-02 01:33:00,340.0,0.0,5.0
504,2020-01-02 23:00:00,Jiangxi,Mainland China,2020-02-02 01:23:00,333.0,0.0,10.0
505,2020-01-02 23:00:00,Chongqing,Mainland China,2020-01-02 23:43:00,262.0,1.0,3.0
506,2020-01-02 23:00:00,Jiangsu,Mainland China,2020-02-02 01:13:00,236.0,0.0,6.0
507,2020-01-02 23:00:00,Sichuan,Mainland China,2020-02-02 01:03:00,231.0,1.0,3.0
508,2020-01-02 23:00:00,Shandong,Mainland China,2020-02-02 01:03:00,225.0,0.0,5.0
509,2020-01-02 23:00:00,Beijing,Mainland China,2020-02-02 03:05:00,183.0,1.0,9.0
510,2020-01-02 23:00:00,Shanghai,Mainland China,2020-02-02 00:23:00,177.0,1.0,10.0
511,2020-01-02 23:00:00,Fujian,Mainland China,2020-02-02 03:43:00,159.0,0.0,0.0
512,2020-01-02 23:00:00,Shaanxi,Mainland China,2020-02-02 03:23:00,116.0,0.0,0.0
513,2020-01-02 23:00:00,Guangxi,Mainland China,2020-02-02 00:23:00,111.0,0.0,2.0
514,2020-01-02 23:00:00,Hebei,Mainland China,2020-02-02 02:53:00,104.0,1.0,3.0
515,2020-01-02 23:00:00,Heilongjiang,Mainland China,2020-02-02 03:23:00,95.0,2.0,2.0
516,2020-01-02 23:00:00,Yunnan,Mainland China,2020-01-02 15:53:00,93.0,0.0,2.0
517,2020-01-02 23:00:00,Liaoning,Mainland China,2020-01-02 15:23:00,64.0,0.0,1.0
518,2020-01-02 23:00:00,Hainan,Mainland China,2020-02-02 01:03:00,63.0,1.0,1.0
519,2020-01-02 23:00:00,Shanxi,Mainland China,2020-01-02 23:33:00,56.0,0.0,1.0
520,2020-01-02 23:00:00,Tianjin,Mainland China,2020-02-02 02:03:00,45.0,0.0,0.0
521,2020-01-02 23:00:00,Gansu,Mainland China,2020-01-02 15:43:00,40.0,0.0,0.0
522,2020-01-02 23:00:00,Guizhou,Mainland China,2020-02-02 01:03:00,38.0,0.0,2.0
523,2020-01-02 23:00:00,Ningxia,Mainland China,2020-02-02 01:43:00,28.0,0.0,0.0
524,2020-01-02 23:00:00,Inner Mongolia,Mainland China,2020-02-02 03:43:00,27.0,0.0,1.0
525,2020-01-02 23:00:00,Jilin,Mainland China,2020-02-02 02:33:00,23.0,0.0,1.0
526,2020-01-02 23:00:00,Xinjiang,Mainland China,2020-02-02 00:43:00,21.0,0.0,0.0
527,2020-01-02 23:00:00,,Japan,2020-01-02 18:53:00,20.0,0.0,1.0
528,2020-01-02 23:00:00,,Thailand,1/31/2020 10:37,19.0,0.0,5.0
529,2020-01-02 23:00:00,,Singapore,2020-02-02 01:03:00,18.0,0.0,0.0
530,2020-01-02 23:00:00,,South Korea,2020-02-02 02:23:00,15.0,0.0,0.0
531,2020-01-02 23:00:00,Hong Kong,Hong Kong,2020-02-02 01:03:00,14.0,0.0,0.0
532,2020-01-02 23:00:00,Taiwan,Taiwan,1/31/2020 15:20,10.0,0.0,0.0
533,2020-01-02 23:00:00,Qinghai,Mainland China,2020-01-02 05:37:00,9.0,0.0,0.0
534,2020-01-02 23:00:00,,Germany,2020-01-02 23:33:00,8.0,0.0,0.0
535,2020-01-02 23:00:00,,Malaysia,1/31/2020 8:15,8.0,0.0,0.0
536,2020-01-02 23:00:00,Macau,Macau,1/31/2020 8:15,7.0,0.0,0.0
537,2020-01-02 23:00:00,,France,2020-01-02 01:52:00,6.0,0.0,0.0
538,2020-01-02 23:00:00,,Vietnam,2020-01-02 07:38:00,6.0,0.0,1.0
539,2020-01-02 23:00:00,New South Wales,Australia,2020-01-02 18:12:00,4.0,0.0,2.0
540,2020-01-02 23:00:00,Victoria,Australia,2020-01-02 18:12:00,4.0,0.0,0.0
541,2020-01-02 23:00:00,,United Arab Emirates,1/31/2020 8:15,4.0,0.0,0.0
542,2020-01-02 23:00:00,Queensland,Australia,2020-01-02 18:12:00,2.0,0.0,0.0
543,2020-01-02 23:00:00,Ontario,Canada,2020-01-02 18:12:00,3.0,0.0,0.0
544,2020-01-02 23:00:00,,Italy,1/31/2020 8:15,2.0,0.0,0.0
545,2020-01-02 23:00:00,,Philippines,2020-02-02 03:33:00,2.0,1.0,0.0
546,2020-01-02 23:00:00,,Russia,1/31/2020 16:13,2.0,0.0,0.0
547,2020-01-02 23:00:00,,UK,2020-01-02 01:52:00,2.0,0.0,0.0
548,2020-01-02 23:00:00,"Chicago, IL",US,2020-01-02 19:43:00,2.0,0.0,0.0
549,2020-01-02 23:00:00,South Australia,Australia,2020-01-02 18:12:00,2.0,0.0,0.0
550,2020-01-02 23:00:00,,Cambodia,1/31/2020 8:15,1.0,0.0,0.0
551,2020-01-02 23:00:00,British Columbia,Canada,2020-01-02 18:12:00,1.0,0.0,0.0
552,2020-01-02 23:00:00,,Finland,1/31/2020 8:15,1.0,0.0,0.0
553,2020-01-02 23:00:00,,India,1/31/2020 8:15,1.0,0.0,0.0
554,2020-01-02 23:00:00,Tibet,Mainland China,2020-01-02 01:52:00,1.0,0.0,0.0
555,2020-01-02 23:00:00,,Nepal,1/31/2020 8:15,1.0,0.0,0.0
556,2020-01-02 23:00:00,,Spain,2020-01-02 23:43:00,1.0,0.0,0.0
557,2020-01-02 23:00:00,,Sri Lanka,1/31/2020 8:15,1.0,0.0,0.0
558,2020-01-02 23:00:00,,Sweden,2020-01-02 02:13:00,1.0,0.0,0.0
559,2020-01-02 23:00:00,"Boston, MA",US,2020-01-02 19:43:00,1.0,0.0,0.0
560,2020-01-02 23:00:00,"Los Angeles, CA",US,2020-01-02 19:53:00,1.0,0.0,0.0
561,2020-01-02 23:00:00,"Orange, CA",US,2020-01-02 19:53:00,1.0,0.0,0.0
562,2020-01-02 23:00:00,"Santa Clara, CA",US,2020-01-02 19:53:00,1.0,0.0,0.0
563,2020-01-02 23:00:00,"Seattle, WA",US,2020-01-02 19:43:00,1.0,0.0,0.0
564,2020-01-02 23:00:00,"Tempe, AZ",US,2020-01-02 19:43:00,1.0,0.0,0.0
565,2020-02-02 21:00:00,Hubei,Mainland China,2020-02-02 23:43:00,11177.0,350.0,295.0
566,2020-02-02 21:00:00,Zhejiang,Mainland China,2020-03-02 01:33:00,724.0,0.0,36.0
567,2020-02-02 21:00:00,Guangdong,Mainland China,2020-03-02 01:33:00,683.0,0.0,15.0
568,2020-02-02 21:00:00,Henan,Mainland China,2020-03-02 01:03:00,566.0,2.0,14.0
569,2020-02-02 21:00:00,Hunan,Mainland China,2020-03-02 01:33:00,521.0,0.0,16.0
570,2020-02-02 21:00:00,Anhui,Mainland China,2020-03-02 00:53:00,408.0,0.0,7.0
571,2020-02-02 21:00:00,Jiangxi,Mainland China,2020-03-02 01:33:00,391.0,0.0,18.0
572,2020-02-02 21:00:00,Chongqing,Mainland China,2020-02-02 23:33:00,300.0,2.0,7.0
573,2020-02-02 21:00:00,Jiangsu,Mainland China,2020-03-02 01:03:00,271.0,0.0,7.0
574,2020-02-02 21:00:00,Sichuan,Mainland China,2020-03-02 01:03:00,254.0,1.0,12.0
575,2020-02-02 21:00:00,Shandong,Mainland China,2020-03-02 01:13:00,246.0,0.0,6.0
576,2020-02-02 21:00:00,Shanghai,Mainland China,2020-03-02 00:03:00,193.0,1.0,10.0
577,2020-02-02 21:00:00,Beijing,Mainland China,2020-02-02 08:43:00,191.0,1.0,9.0
578,2020-02-02 21:00:00,Fujian,Mainland China,2020-02-02 03:43:00,159.0,0.0,0.0
579,2020-02-02 21:00:00,Guangxi,Mainland China,2020-03-02 00:13:00,127.0,0.0,2.0
580,2020-02-02 21:00:00,Shaanxi,Mainland China,2020-02-02 03:23:00,116.0,0.0,0.0
581,2020-02-02 21:00:00,Hebei,Mainland China,2020-03-02 00:23:00,113.0,1.0,3.0
582,2020-02-02 21:00:00,Yunnan,Mainland China,2020-02-02 18:03:00,105.0,0.0,3.0
583,2020-02-02 21:00:00,Heilongjiang,Mainland China,2020-02-02 03:23:00,95.0,2.0,2.0
584,2020-02-02 21:00:00,Hainan,Mainland China,2020-03-02 00:43:00,71.0,1.0,4.0
585,2020-02-02 21:00:00,Liaoning,Mainland China,2020-02-02 18:03:00,70.0,0.0,1.0
586,2020-02-02 21:00:00,Shanxi,Mainland China,2020-02-02 23:23:00,66.0,0.0,3.0
587,2020-02-02 21:00:00,Gansu,Mainland China,2020-02-02 23:43:00,51.0,0.0,3.0
588,2020-02-02 21:00:00,Tianjin,Mainland China,2020-02-02 09:43:00,48.0,0.0,1.0
589,2020-02-02 21:00:00,Guizhou,Mainland China,2020-03-02 01:03:00,46.0,0.0,2.0
590,2020-02-02 21:00:00,Jilin,Mainland China,2020-03-02 00:53:00,31.0,0.0,1.0
591,2020-02-02 21:00:00,Ningxia,Mainland China,2020-02-02 01:43:00,28.0,0.0,0.0
592,2020-02-02 21:00:00,Inner Mongolia,Mainland China,2020-02-02 03:43:00,27.0,0.0,1.0
593,2020-02-02 21:00:00,Xinjiang,Mainland China,2020-03-02 01:13:00,24.0,0.0,0.0
594,2020-02-02 21:00:00,,Japan,2020-01-02 18:53:00,20.0,0.0,1.0
595,2020-02-02 21:00:00,,Thailand,1/31/2020 10:37,19.0,0.0,5.0
596,2020-02-02 21:00:00,,Singapore,2020-02-02 01:03:00,18.0,0.0,0.0
597,2020-02-02 21:00:00,Hong Kong,Hong Kong,2020-02-02 23:53:00,15.0,0.0,0.0
598,2020-02-02 21:00:00,,South Korea,2020-02-02 02:23:00,15.0,0.0,0.0
599,2020-02-02 21:00:00,Qinghai,Mainland China,2020-02-02 05:33:00,11.0,0.0,0.0
600,2020-02-02 21:00:00,,Germany,2020-02-02 18:03:00,10.0,0.0,0.0
601,2020-02-02 21:00:00,Taiwan,Taiwan,1/31/2020 15:20,10.0,0.0,0.0
602,2020-02-02 21:00:00,Macau,Macau,2020-02-02 04:23:00,8.0,0.0,0.0
603,2020-02-02 21:00:00,,Malaysia,1/31/2020 8:15,8.0,0.0,0.0
604,2020-02-02 21:00:00,,France,2020-01-02 01:52:00,6.0,0.0,0.0
605,2020-02-02 21:00:00,,Vietnam,2020-01-02 07:38:00,6.0,0.0,1.0
606,2020-02-02 21:00:00,,United Arab Emirates,2020-02-02 05:43:00,5.0,0.0,0.0
607,2020-02-02 21:00:00,New South Wales,Australia,2020-01-02 18:12:00,4.0,0.0,2.0
608,2020-02-02 21:00:00,Victoria,Australia,2020-01-02 18:12:00,4.0,0.0,0.0
609,2020-02-02 21:00:00,Ontario,Canada,2020-01-02 18:12:00,3.0,0.0,0.0
610,2020-02-02 21:00:00,Queensland,Australia,2020-02-02 22:33:00,2.0,0.0,0.0
611,2020-02-02 21:00:00,South Australia,Australia,2020-02-02 22:33:00,2.0,0.0,0.0
612,2020-02-02 21:00:00,,India,2020-02-02 06:03:00,2.0,0.0,0.0
613,2020-02-02 21:00:00,,Italy,1/31/2020 8:15,2.0,0.0,0.0
614,2020-02-02 21:00:00,,Philippines,2020-02-02 03:33:00,2.0,1.0,0.0
615,2020-02-02 21:00:00,,Russia,1/31/2020 16:13,2.0,0.0,0.0
616,2020-02-02 21:00:00,,UK,2020-01-02 01:52:00,2.0,0.0,0.0
617,2020-02-02 21:00:00,"Chicago, IL",US,2020-01-02 19:43:00,2.0,0.0,0.0
618,2020-02-02 21:00:00,"Santa Clara, CA",US,2020-03-02 00:43:00,2.0,0.0,0.0
619,2020-02-02 21:00:00,,Cambodia,1/31/2020 8:15,1.0,0.0,0.0
620,2020-02-02 21:00:00,British Columbia,Canada,2020-01-02 18:12:00,1.0,0.0,0.0
621,2020-02-02 21:00:00,,Finland,1/31/2020 8:15,1.0,0.0,0.0
622,2020-02-02 21:00:00,Tibet,Mainland China,2020-01-02 01:52:00,1.0,0.0,0.0
623,2020-02-02 21:00:00,,Nepal,1/31/2020 8:15,1.0,0.0,0.0
624,2020-02-02 21:00:00,,Spain,2020-01-02 23:43:00,1.0,0.0,0.0
625,2020-02-02 21:00:00,,Sri Lanka,1/31/2020 8:15,1.0,0.0,0.0
626,2020-02-02 21:00:00,,Sweden,2020-01-02 02:13:00,1.0,0.0,0.0
627,2020-02-02 21:00:00,"Boston, MA",US,2020-01-02 19:43:00,1.0,0.0,0.0
628,2020-02-02 21:00:00,"Los Angeles, CA",US,2020-01-02 19:53:00,1.0,0.0,0.0
629,2020-02-02 21:00:00,"Orange, CA",US,2020-01-02 19:53:00,1.0,0.0,0.0
630,2020-02-02 21:00:00,"Seattle, WA",US,2020-01-02 19:43:00,1.0,0.0,0.0
631,2020-02-02 21:00:00,"Tempe, AZ",US,2020-01-02 19:43:00,1.0,0.0,0.0
