,provinceName,cityName,confirmed,cured,dead,suspected,longitude,latitude
0,湖北省,武汉,8351,373,362,0,114.31158155473231,30.598466736400987
1,湖北省,黄冈,1645,52,25,0,114.87849048410779,30.4593588576181
2,湖北省,孝感,1462,9,18,0,113.92251007733665,30.930689227018295
3,湖北省,襄阳,735,7,2,0,112.12853720100244,32.014796804669224
4,湖北省,荆州,713,12,9,0,112.24552262926137,30.340842107742912
5,湖北省,随州,706,9,8,0,113.38945001822157,31.6965167723283
6,湖北省,黄石,509,23,2,0,115.04553290894361,30.205207848941598
7,湖北省,宜昌,496,9,4,0,111.29254921035434,30.697446484492378
8,湖北省,荆门,422,16,16,0,112.20639298023002,31.041732575569622
9,湖北省,咸宁,384,3,0,0,114.32851909026844,29.847055947646492
10,湖北省,鄂州,382,6,18,0,114.90160738827099,30.39657217331699
11,湖北省,十堰,318,9,0,0,110.80452956069568,32.63506185840116
12,湖北省,仙桃,225,0,4,0,113.44960935856369,30.33358775114635
13,湖北省,恩施州,138,10,0,0,109.49459261857503,30.277939575301094
14,湖北省,天门,128,0,10,0,113.17240916632808,30.669621830099477
15,湖北省,潜江,54,0,1,0,112.9054740908161,30.40835793241892
16,湖北省,神农架林区,10,2,0,0,110.68252485039976,31.750496011246412
17,广东省,深圳,291,16,0,0,114.06455183658751,22.548456637984177
18,广东省,广州,249,7,0,0,113.27143134445974,23.135336306695006
19,广东省,珠海,72,4,0,0,113.58255478654918,22.27656465424921
20,广东省,佛山,50,1,0,0,113.12851219549718,23.02775875078891
21,广东省,东莞,44,1,0,0,113.75842045787648,23.02730841164339
22,广东省,中山,36,3,0,0,113.39942236263188,22.5223146707905
23,广东省,惠州,34,1,0,0,114.4235580165817,23.116358854725593
24,广东省,汕头,20,3,0,0,116.68852864054833,23.35909171772515
25,广东省,湛江,18,3,0,0,110.36555441392824,21.276723439012073
26,广东省,肇庆,13,1,0,0,112.47148894063035,23.052888771125616
27,广东省,阳江,12,0,0,0,111.98848929181268,21.864339726138933
28,广东省,梅州,10,0,0,0,116.12953737612247,24.294177532206206
29,广东省,清远,10,2,0,0,113.06246832527266,23.688230292088083
30,广东省,江门,7,0,0,0,113.08855619524043,22.584603880965
31,广东省,韶关,6,1,0,0,113.60352734562261,24.815881278583017
32,广东省,茂名,6,0,0,0,110.931542579969,21.669064031332095
33,广东省,揭阳,6,0,0,0,116.37851218033846,23.555740488275585
34,广东省,汕尾,5,0,0,0,115.38155260365083,22.79126303654673
35,广东省,潮州,5,0,0,0,116.62947017362819,23.662623192615886
36,广东省,河源,1,0,0,0,114.70744627290641,23.749684370959752
37,浙江省,温州,364,28,0,0,120.70647689035565,28.00108540447221
38,浙江省,杭州,141,14,0,0,120.21551180372168,30.25308298169347
39,浙江省,台州,122,14,0,0,121.42743470427969,28.66219405599615
40,浙江省,宁波,120,4,0,0,121.62857249434141,29.866033045866054
41,浙江省,金华,44,8,0,0,119.65343619052916,29.084639385513697
42,浙江省,绍兴,30,3,0,0,120.58547847885335,30.0363693113069
43,浙江省,嘉兴,27,0,0,0,120.76355182586005,30.750974830920143
44,浙江省,丽水,16,1,0,0,119.9295730584414,28.473278180563412
45,浙江省,衢州,15,2,0,0,118.86659674035565,28.975545802265025
46,浙江省,湖州,9,1,0,0,120.09451660915789,30.898963937294184
47,浙江省,舟山,7,2,0,0,122.21355631852045,29.99091168016034
48,河南省,信阳,138,9,0,0,114.09748283304512,32.15301454753105
49,河南省,南阳,107,4,2,0,112.53450131351325,32.99656220465144
50,河南省,郑州,92,19,0,0,113.63141920733915,34.75343885045448
51,河南省,驻马店,82,2,0,0,114.02847078173271,33.01784241674367
52,河南省,商丘,61,3,0,0,115.66244933826238,34.4202016658586
53,河南省,周口,56,5,0,0,114.70348251482332,33.6318288757022
54,河南省,新乡,39,2,0,0,113.93360046733228,35.3096399303368
55,河南省,安阳市,35,1,0,0,114.39950042177432,36.10594098401491
56,河南省,平顶山,34,0,0,0,113.19952856052156,33.772050748691015
57,河南省,许昌,24,0,0,0,113.85847553685502,34.04143161161871
58,河南省,漯河市,24,1,0,0,114.02342077764726,33.5877107071022
59,河南省,开封,17,1,0,0,114.31459258497121,34.80288581121172
60,河南省,洛阳,17,1,0,0,112.4594212983115,34.62426277921943
61,河南省,焦作,15,1,0,0,113.24854783457334,35.22096325403899
62,河南省,鹤壁,10,0,0,0,114.30359364247649,35.7523574114
63,河南省,三门峡,7,1,0,0,111.2065332238741,34.778327249459984
64,河南省,濮阳,4,0,0,0,115.03559747034215,35.76759302890629
65,河南省,济源,2,0,0,0,112.60858070620743,35.072907226846525
66,湖南省,长沙,164,8,0,0,112.94547319535287,28.23488939994364
67,湖南省,岳阳,89,2,0,0,113.13548942422142,29.3631782939259
68,湖南省,邵阳,68,2,0,0,111.474432885931,27.245270272808565
69,湖南省,常德,56,3,0,0,111.70545217995837,29.037749999406877
70,湖南省,娄底,45,3,0,0,112.00150349288418,27.703208596991583
71,湖南省,益阳,40,3,0,0,112.36151595471031,28.559711178489888
72,湖南省,衡阳,39,5,0,0,112.57844721325992,26.899576139189122
73,湖南省,株洲,38,2,0,0,113.14047079776427,27.833567639016444
74,湖南省,怀化,35,6,0,0,110.00851426537254,27.575160902978517
75,湖南省,永州,30,8,0,0,111.61945505792227,26.425864117900094
76,湖南省,郴州,24,2,0,0,113.02146049909462,25.776683273601865
77,湖南省,湘潭,23,5,0,0,112.95046418076468,27.835702227135585
78,湖南省,湘西自治州,7,1,0,0,,
79,湖南省,张家界,3,2,0,0,110.48553254695402,29.122815562551878
80,江西省,南昌,134,7,0,0,115.86458944231661,28.68945529506072
81,江西省,九江,86,2,0,0,116.00753491163063,29.711340559079343
82,江西省,新余,69,4,0,0,114.9235346513963,27.823578697788587
83,江西省,上饶,69,5,0,0,117.94945960312224,28.460625921851733
84,江西省,赣州,48,1,0,0,114.9405033729825,25.835176103497655
85,江西省,宜春,48,4,0,0,114.4235636759064,27.820856421848216
86,江西省,抚州,44,1,0,0,116.36453876864373,27.954892253419565
87,江西省,萍乡,22,1,0,0,113.8614964337543,27.6283927093972
88,江西省,吉安,15,1,0,0,115.00051072001253,27.119726826070448
89,江西省,鹰潭,9,0,0,0,117.0755754270272,28.265787063191418
90,江西省,景德镇,4,1,0,0,117.18457644638579,29.274247711040953
91,安徽省,合肥,93,5,0,0,117.23344266497664,31.826577833686887
92,安徽省,阜阳,84,3,0,0,115.82043612491321,32.89606099485221
93,安徽省,亳州,58,2,0,0,115.7844632112745,33.850642695788835
94,安徽省,安庆,56,3,0,0,117.06360390491879,30.53095656804304
95,安徽省,蚌埠,48,0,0,0,117.39551332813694,32.921523704350825
96,安徽省,六安,34,1,0,0,116.52640966418569,31.741450815322555
97,安徽省,马鞍山,30,0,0,0,118.5135795794315,31.676265597609103
98,安徽省,宿州,24,0,0,0,116.97054394561262,33.65209532645213
99,安徽省,芜湖,23,2,0,0,118.43943137653523,31.358536655799266
100,安徽省,铜陵,19,1,0,0,117.81847679445747,30.95123323991339
101,安徽省,淮北,14,0,0,0,116.8045372670298,33.96165630027632
102,安徽省,淮南,12,2,0,0,117.00638885071616,32.63184739905333
103,安徽省,滁州,11,2,0,0,118.33940613596579,32.26127087204081
104,安徽省,池州,11,1,0,0,117.49842096159624,30.670883790764535
105,安徽省,黄山,9,0,0,0,118.34543725314781,29.721889786591692
106,安徽省,宣城,4,1,0,0,118.76553424276743,30.94660154529291
107,重庆市,万州区,67,2,1,0,108.41555837050288,30.813621636707666
108,重庆市,九龙坡区,19,0,1,0,106.51755873943073,29.50792771555286
109,重庆市,开州区,18,0,0,0,108.39949765612053,31.16664411319345
110,重庆市,云阳县,18,2,0,0,108.70344750000172,30.93661127197471
111,重庆市,渝中区,16,0,0,0,106.57544006681098,29.559090182993803
112,重庆市,江北区,16,0,0,0,121.56042128922172,29.89294837947611
113,重庆市,垫江县,15,1,0,0,107.33956587471806,30.333293968500094
114,重庆市,忠县,15,1,0,0,108.04453753385525,30.305268389356584
115,重庆市,两江新区,14,0,0,0,106.57258156884862,29.68005454434884
116,重庆市,渝北区,12,0,0,0,106.6375590606026,29.723927343006626
117,重庆市,长寿区,12,0,0,0,107.08753107006804,29.863520067323154
118,重庆市,綦江区,12,0,0,0,106.65748419545173,29.034113748311206
119,重庆市,石柱县,12,0,0,0,108.12041416638326,30.006108697868918
120,重庆市,合川区,11,0,0,0,106.28254108757974,29.978181239534244
121,重庆市,奉节县,11,1,0,0,109.47047275630993,31.024601766549154
122,重庆市,巫溪县,11,1,0,0,109.57640255899645,31.404880009858267
123,重庆市,南岸区,8,0,0,0,,
124,重庆市,荣昌区,8,0,0,0,105.60141979927967,29.41130739668994
125,重庆市,璧山区,8,0,0,0,106.23347456267436,29.598346607316348
126,重庆市,巫山县,8,4,0,0,109.8855455070308,31.080518811735914
127,重庆市,大渡口区,7,0,0,0,106.48853359010742,29.490107128556012
128,重庆市,潼南区,7,0,0,0,105.84739903616547,30.19731423966403
129,重庆市,铜梁区,7,0,0,0,106.0634494941099,29.850508778722265
130,重庆市,大足区,7,0,0,0,105.72840462545042,29.713113506076837
131,重庆市,丰都县,6,1,0,0,107.73748061819887,29.86941278921405
132,重庆市,江津区,4,0,0,0,106.26559760837834,29.295884374464997
133,重庆市,高新区,4,0,0,0,103.93541378871335,30.746126110373723
134,重庆市,涪陵区,3,0,0,0,107.39641979754104,29.70927819797873
135,重庆市,巴南区,3,0,0,0,106.54745425696237,29.408474739770405
136,重庆市,永川区,3,1,0,0,105.93349936145171,29.362046335949085
137,重庆市,梁平区,3,0,0,0,107.77609725763075,30.66055325502347
138,重庆市,沙坪坝区,2,0,0,0,106.46446511092543,29.547192516541124
139,重庆市,黔江区,2,0,0,0,108.77759119834955,29.53881256766016
140,重庆市,城口县,2,0,0,0,108.67161164255864,31.953390746292587
141,重庆市,彭水,2,0,0,0,108.17257803588225,29.29946229044254
142,重庆市,武隆区,1,0,0,0,107.76642518951796,29.33202687074895
143,重庆市,秀山县,1,1,0,0,109.01357389980959,28.45344786428608
144,重庆市,酉阳,1,0,0,0,108.77458600709745,28.8470402586741
145,江苏省,苏州,55,4,0,0,120.59241222959322,31.303564074441766
146,江苏省,南京,47,10,0,0,118.80242172124585,32.06465288561847
147,江苏省,徐州,45,1,0,0,117.29057543439453,34.21266655011306
148,江苏省,无锡,26,1,0,0,120.31858328810601,31.498809732685714
149,江苏省,淮安,26,1,0,0,119.02148367070623,33.61629530103313
150,江苏省,泰州,26,1,0,0,119.9295663378548,32.4606750493083
151,江苏省,南通,25,0,0,0,120.90159173866185,31.98654943120089
152,江苏省,常州,24,2,0,0,119.98148471327892,31.815795653327836
153,江苏省,连云港,20,1,0,0,119.22862133316607,34.60224952526725
154,江苏省,扬州,15,0,0,0,119.41941890822997,32.40067693609037
155,江苏省,盐城,15,2,0,0,120.167544265761,33.355100917626196
156,江苏省,宿迁,11,0,0,0,118.28157403570837,33.96774971569008
157,江苏省,镇江,6,0,0,0,119.43048944567383,32.19471592052375
158,山东省,青岛,35,3,0,0,120.38945519114627,36.072227496663224
159,山东省,临沂,30,1,0,0,118.36353300501388,35.11067124236514
160,山东省,济南,29,0,0,0,117.12639941261048,36.65655420178723
161,山东省,烟台,27,0,0,0,121.45441541730195,37.470038383730525
162,山东省,威海,27,2,0,0,122.12754097831325,37.5164305480148
163,山东省,济宁,25,3,0,0,116.59361234853988,35.420177394529645
164,山东省,德州,24,1,0,0,116.36555674397471,37.441308454576266
165,山东省,枣庄,17,0,0,0,117.33054194483897,34.815994048435115
166,山东省,潍坊,16,0,0,0,119.16837791142822,36.71265155126753
167,山东省,淄博,14,0,0,0,118.06145253489896,36.81908568332188
168,山东省,泰安,14,1,0,0,117.0944948347959,36.2058580448846
169,山东省,日照,14,0,0,0,119.53341540456555,35.42283899843767
170,山东省,聊城,12,0,0,0,115.99158784830443,36.46275818769411
171,山东省,菏泽,12,2,0,0,115.48754503343376,35.23940742476551
172,山东省,滨州,11,2,0,0,117.9774040171467,37.3881961960769
173,四川省,成都,92,17,1,0,104.08153351042463,30.655821878416408
174,四川省,南充,28,1,0,0,106.11750261487227,30.843782508337036
175,四川省,广安,24,1,0,0,106.63955268233484,30.461746110678995
176,四川省,绵阳,17,2,0,0,104.6855618607612,31.473663048745863
177,四川省,达州,17,1,0,0,107.47459385897544,31.214307723927455
178,四川省,内江,15,0,0,0,105.06458802499718,29.58588653832045
179,四川省,巴中,15,0,0,0,106.7515853031645,31.872888585956545
180,四川省,德阳,12,0,0,0,104.40441936496448,31.133115003656755
181,四川省,攀枝花,11,0,0,0,101.72554117091441,26.58803317333301
182,四川省,泸州,10,0,0,0,105.4485240693266,28.87766830360723
183,四川省,甘孜州,10,0,0,0,101.96854674579022,30.05527884351838
184,四川省,自贡,9,0,0,0,104.78444884671711,29.345584921327575
185,四川省,宜宾,7,0,0,0,104.6494037048691,28.75800702855183
186,四川省,凉山州,7,0,0,0,102.2735026809702,27.88775230036972
187,四川省,广元,6,0,0,0,105.85042318166482,32.44161630531542
188,四川省,雅安,6,0,0,0,103.04954262360451,30.01679254570607
189,四川省,遂宁,5,1,0,0,105.5994215306444,30.53909767110912
190,四川省,眉山,5,1,0,0,103.85656331579456,30.082526119421058
191,四川省,乐山,2,0,0,0,103.7725376036347,29.55794071745811
192,四川省,资阳,2,0,0,0,104.6344353416441,30.13495655925314
193,四川省,阿坝州,1,0,0,0,102.23141546175019,31.905511577266523
194,北京市,海淀区,45,0,0,0,116.3054340544974,39.96548984110075
195,北京市,朝阳区,43,0,0,0,125.295401255854,43.84064147496199
196,北京市,西城区,29,0,0,0,116.37251358116619,39.91812360584148
197,北京市,大兴区,29,0,0,0,116.348625212231,39.73255523655448
198,北京市,外来务工人员,21,0,0,0,,
199,北京市,丰台区,20,3,0,0,116.29240188731139,39.8649371975573
200,北京市,昌平区,15,0,0,0,116.23761791731043,40.22641337159427
201,北京市,通州区,13,0,0,0,121.08142549497644,32.07035573967588
202,北京市,房山区,11,0,0,0,116.14944375184247,39.75432583977336
203,北京市,石景山区,7,0,0,0,116.22961266775826,39.911353808778294
204,北京市,东城区,6,0,0,0,116.4224009776628,39.93482727239599
205,北京市,顺义区,6,0,0,0,116.66142426369096,40.13635076223076
206,北京市,怀柔区,4,0,0,0,116.63838587142932,40.32261840426579
207,北京市,门头沟区,3,0,0,0,116.10760355576534,39.94614672003409
208,北京市,延庆区,1,0,0,0,115.98163156901515,40.46216897375426
209,北京市,未明确地区,0,21,1,0,,
210,上海市,外地来沪人员,86,0,0,0,117.02338513454245,25.996026557034824
211,上海市,浦东,46,0,0,0,121.40864773970463,30.884386816682355
212,上海市,静安,13,0,0,0,121.45343177276851,31.233844930401652
213,上海市,徐汇,12,0,0,0,121.44339635276381,31.194556772822725
214,上海市,宝山,12,0,0,0,121.4965630135246,31.41027947347614
215,上海市,闵行,12,0,0,0,121.38861193361008,31.118842580087428
216,上海市,松江,10,0,0,0,121.23447959624146,31.037135176464492
217,上海市,长宁,9,0,0,0,121.43045437545099,31.226847968225428
218,上海市,虹口,7,0,0,0,121.51158645453457,31.269746698931357
219,上海市,奉贤,7,0,0,0,121.48050373643107,30.923720110285377
220,上海市,普陀,6,0,0,0,121.40356934916508,31.254973368279597
221,上海市,杨浦,6,0,0,0,121.53251993732523,31.265524144657057
222,上海市,黄浦,5,0,0,0,121.49158559252436,31.23724715206362
223,上海市,嘉定,4,0,0,0,,
224,上海市,青浦,4,0,0,0,,
225,上海市,金山,2,0,0,0,121.61556655498568,25.220154419135568
226,上海市,崇明,2,0,0,0,121.40355686271847,31.62856998440405
227,上海市,未明确地区,0,15,1,0,,
228,福建省,福州,55,4,0,0,119.30346983854001,26.080429420698078
229,福建省,莆田,38,1,0,0,119.0145209781265,25.45986545592271
230,福建省,泉州,37,5,0,0,118.68244626680422,24.879952330498313
231,福建省,厦门,21,1,0,0,118.09643549976651,24.485406605176305
232,福建省,漳州,15,0,0,0,117.65357645298785,24.51892979117087
233,福建省,宁德,14,1,0,0,119.55451074542829,26.672241711408567
234,福建省,南平,12,0,0,0,118.1843695481426,26.647772874203266
235,福建省,三明,11,0,0,0,117.64552116782143,26.269736515991838
236,福建省,龙岩,2,0,0,0,117.02344756677536,25.081219844871676
237,黑龙江省,哈尔滨,73,6,0,0,126.54161509031663,45.808825827952184
238,黑龙江省,绥化,24,0,2,0,126.97535687530133,46.6600321798244
239,黑龙江省,齐齐哈尔,20,0,0,0,123.92457086841536,47.3599771860153
240,黑龙江省,双鸭山,16,1,0,0,131.16534168078073,46.65318589588607
241,黑龙江省,鸡西,12,0,0,0,130.97561865876668,45.300872317823895
242,黑龙江省,大庆,11,0,0,0,125.10865763402039,46.59363317672175
243,黑龙江省,佳木斯,11,0,0,0,130.327359092573,46.80568999085779
244,黑龙江省,七台河,9,0,0,0,131.01154459102744,45.77630032154785
245,黑龙江省,牡丹江,9,0,0,0,129.6395397783469,44.55624570898632
246,黑龙江省,鹤岗,2,0,0,0,130.3044328986694,47.35605615768509
247,黑龙江省,大兴安岭,2,0,0,0,124.15292785448057,50.42002595502784
248,黑龙江省,黑河,1,0,0,0,127.53548988621854,50.25127231175015
249,陕西省,西安,70,5,0,0,108.94646555063274,34.34726881662395
250,陕西省,汉中,19,0,0,0,107.02943020926463,33.073799907833795
251,陕西省,安康,19,1,0,0,109.03560108265746,32.69051277057377
252,陕西省,咸阳,15,0,0,0,108.71542245143303,34.335476293368586
253,陕西省,宝鸡,10,0,0,0,107.2445753670404,34.36891564286998
254,陕西省,渭南,9,0,0,0,109.51658960525897,34.50571551675255
255,陕西省,铜川,7,0,0,0,108.95240424835922,34.902637080502906
256,陕西省,延安,7,0,0,0,109.49658191612687,36.59111103521779
257,陕西省,商洛,6,0,0,0,109.92441788136406,33.87863385220776
258,陕西省,榆林,1,0,0,0,109.74161603381395,38.290883835484046
259,陕西省,杨凌示范区,1,0,0,0,108.07953300126857,34.24594301181561
260,陕西省,韩城,1,0,0,0,110.44955264011737,35.482086787313165
261,广西壮族自治区,北海,29,2,0,0,109.126533212566,21.48683649576942
262,广西壮族自治区,南宁,28,0,0,0,108.37345082581861,22.822606601187154
263,广西壮族自治区,桂林,26,5,0,0,110.20354537457943,25.242885724872647
264,广西壮族自治区,柳州,17,3,0,0,109.43442194634564,24.331961386852413
265,广西壮族自治区,防城港,13,1,0,0,108.360418838298,21.6930052899694
266,广西壮族自治区,河池,9,0,0,0,108.09149994498661,24.698911731272894
267,广西壮族自治区,玉林,8,1,0,0,110.1884531233724,22.659830509953142
268,广西壮族自治区,梧州,5,2,0,0,111.28551681182014,23.48274528113516
269,广西壮族自治区,贵港,5,0,0,0,109.60552031033306,23.117448382037534
270,广西壮族自治区,钦州,4,0,0,0,108.66058016842224,21.986593539484296
271,广西壮族自治区,贺州,4,0,0,0,111.57352631416218,24.409450902865487
272,广西壮族自治区,百色,2,0,0,0,106.62458932565383,23.908185934295958
273,河北省,石家庄,21,1,0,0,114.52153190157445,38.0483119268727
274,河北省,沧州,20,0,1,0,116.84558075595014,38.310215141107044
275,河北省,保定,17,4,0,0,115.47146383768579,38.87998776845534
276,河北省,邢台,16,0,0,0,114.51146225612979,37.07668595096609
277,河北省,邯郸,14,0,0,0,114.5456282282352,36.631262731204046
278,河北省,廊坊,13,1,0,0,116.69058173342549,39.54336666275853
279,河北省,唐山,12,0,0,0,118.18645947203979,39.63658372414733
280,河北省,张家口,10,0,0,0,114.89257223145165,40.7732372026915
281,河北省,衡水,5,0,0,0,115.6754061376161,37.745191408077424
282,河北省,承德,4,0,0,0,117.96939750996681,40.95785601233803
283,河北省,秦皇岛,3,0,0,0,119.60853063334328,39.941748102377936
284,云南省,昆明,35,0,0,0,102.85244836500482,24.873998150044006
285,云南省,西双版纳,15,1,0,0,100.80344682455637,22.013601254764165
286,云南省,玉溪,12,1,0,0,102.55356029311,24.35771094244625
287,云南省,曲靖,10,1,0,0,103.80243482794681,25.496406931543667
288,云南省,昭通,10,0,0,0,103.72351177196889,27.34408386024681
289,云南省,保山,8,0,0,0,99.17727328581788,25.139038793265964
290,云南省,丽江,7,0,0,0,100.23246452903453,26.860657438064884
291,云南省,大理,7,1,0,0,100.27458284048366,25.6121284181925
292,云南省,红河州,5,1,0,0,103.38154905257933,23.36999624760546
293,云南省,德宏州,5,0,0,0,98.59135935611411,24.438010702758117
294,云南省,普洱,4,0,0,0,100.97256981472799,22.830979186010275
295,云南省,楚雄州,4,0,0,0,101.53441248050268,25.051773565340376
296,云南省,临沧,1,0,0,0,100.09544042014869,23.89046855627851
297,云南省,文山州,1,0,0,0,104.22256899109433,23.40599429361173
298,海南省,三亚,22,5,0,0,109.51855670139908,18.258736291747855
299,海南省,海口,16,0,0,0,110.32552547126409,20.04404943925674
300,海南省,万宁,11,0,0,0,110.39943436554806,18.800106988303387
301,海南省,儋州,10,0,0,0,109.58745583568611,19.527146110044196
302,海南省,琼海市,6,0,0,0,110.4805445259504,19.26425401991763
303,海南省,临高县,5,0,0,0,109.69744301483321,19.919474770278047
304,海南省,澄迈县,4,0,1,0,110.01351091010905,19.74434867164637
305,海南省,陵水县,4,0,0,0,110.04446409254778,18.512331595698807
306,海南省,昌江,3,0,0,0,109.06246408734343,19.303997876684264
307,海南省,定安,3,0,0,0,110.36553348340986,19.687119947910173
308,海南省,保亭县,2,0,0,0,109.70348151429985,18.646909955375843
309,海南省,东方市,2,0,0,0,108.65856652679174,19.10110473128863
310,海南省,文昌,1,0,0,0,110.80450870631743,19.549062083120717
311,海南省,乐东,1,0,0,0,109.18050798894576,18.755871493854865
312,海南省,琼中县,1,0,0,0,109.84451062847003,19.039163789180616
313,辽宁省,沈阳,22,1,0,0,123.47109664482264,41.68383006919066
314,辽宁省,大连,14,4,0,0,121.62163148459285,38.9189536667856
315,辽宁省,盘锦,8,0,0,0,122.07749009021381,41.12587528873715
316,辽宁省,丹东,7,0,0,0,124.36154728159079,40.00640870559368
317,辽宁省,锦州,7,0,0,0,121.13259630055518,41.10093149946208
318,辽宁省,阜新,7,0,0,0,121.67640799865809,42.02802190131842
319,辽宁省,葫芦岛,7,0,0,0,120.8433983399283,40.71736443636189
320,辽宁省,朝阳,6,0,0,0,120.45749949793277,41.57982086475567
321,辽宁省,本溪,3,0,0,0,123.69250712420832,41.49291646055291
322,辽宁省,铁岭,3,0,0,0,123.73236520917769,42.22994799718447
323,辽宁省,辽阳,2,0,0,0,123.24336640651318,41.27416129045421
324,辽宁省,鞍山,1,0,0,0,123.00137251399407,41.11505359694933
325,辽宁省,营口,1,0,0,0,122.24157466449694,40.67313683826707
326,山西省,晋中,21,2,0,0,112.75959475565928,37.69283940975972
327,山西省,运城,17,1,0,0,111.01338945447925,35.03270691290923
328,山西省,太原,9,1,0,0,112.55639149167204,37.87698902884778
329,山西省,大同,9,0,0,0,113.30643625858623,40.0824687161612
330,山西省,晋城,7,0,0,0,112.85857823132879,35.49628458647257
331,山西省,吕梁,5,1,0,0,111.15044967529185,37.524497749577115
332,山西省,朔州,4,0,0,0,112.4393709396677,39.337108370541735
333,山西省,长治,3,0,0,0,113.12255886984902,36.2012683721548
334,山西省,忻州,3,0,0,0,112.74062416023847,38.42238338517772
335,山西省,阳泉,2,0,0,0,113.58761666287546,37.862360847859385
336,山西省,临汾,1,0,0,0,111.52553022403073,36.093741895419726
337,天津市,宝坻区,15,0,1,0,117.31660069247685,39.723194482933174
338,天津市,河北区,10,0,0,0,117.20359278135501,39.15348514470478
339,天津市,河东区,10,1,0,0,117.25841295306803,39.134487325955114
340,天津市,和平区,6,0,0,0,121.15073203145575,24.279556886660618
341,天津市,外地来津,6,0,0,0,90.9367326402456,29.04970447231616
342,天津市,河西区,4,0,0,0,117.2294162800198,39.115718082215515
343,天津市,宁河区,4,0,0,0,117.83239334341803,39.33695643122726
344,天津市,南开区,3,0,0,0,117.15651537432414,39.14410527976771
345,天津市,东丽区,3,0,0,0,117.32056850791443,39.09233234281453
346,天津市,西青区,3,0,0,0,117.01441017993696,39.14872660896657
347,天津市,红桥区,2,1,0,0,117.15751788327329,39.17328564656417
348,天津市,滨海新区,2,0,0,0,117.71739882966088,39.00941577364663
349,天津市,津南区,1,0,0,0,117.36338677903083,38.94414856811469
350,贵州省,贵阳,12,1,0,0,106.63657676352776,26.653324822309752
351,贵州省,毕节,11,0,0,0,105.2985887950112,27.29021508342595
352,贵州省,六盘水,9,0,1,0,104.8375546023468,26.598833108257494
353,贵州省,遵义,9,0,0,0,106.93342774801829,27.731700878916666
354,贵州省,铜仁,6,2,0,0,109.19643889817665,27.73778645640524
355,贵州省,黔南州,6,3,0,0,107.5284027057371,26.260616196073833
356,贵州省,黔东南州,5,0,0,0,107.9894462407788,26.58970296982603
357,贵州省,安顺,3,0,0,0,105.95441712388904,26.25925237871499
358,贵州省,黔西南州,3,0,0,0,104.91249214626991,25.09396734941651
359,甘肃省,兰州,27,2,0,0,103.84052119633628,36.067234693545565
360,甘肃省,天水,10,0,0,0,105.73141674566955,34.58741188165064
361,甘肃省,陇南,4,0,0,0,104.92857497071192,33.40662022995126
362,甘肃省,临夏,3,0,0,0,103.21639056529743,35.60756218350311
363,甘肃省,张掖,2,0,0,0,100.45641147405634,38.932066007004934
364,甘肃省,定西,2,1,0,0,104.63242008306302,35.586832926561875
365,甘肃省,金昌,1,0,0,0,102.19460568669837,38.52582009209263
366,甘肃省,白银,1,0,0,0,104.1444508283435,36.55082533041454
367,甘肃省,平凉,1,0,0,0,106.67144234827796,35.549232050463516
368,甘肃省,庆阳,1,0,0,0,107.6493856959542,35.71521598356201
369,甘肃省,甘南州,1,0,0,0,102.91758468825803,34.98913990996821
370,甘肃省,未明确地区,4,1,0,0,,
371,吉林省,长春,28,1,0,0,125.3306020759069,43.82195350104314
372,吉林省,四平,8,0,0,0,124.35648155715893,43.171993571561
373,吉林省,吉林,5,1,0,0,126.55563450495482,43.84356783457924
374,吉林省,公主岭,4,0,0,0,124.82944866070906,43.510832663153074
375,吉林省,辽源,3,0,0,0,125.15042516688747,42.89405500574631
376,吉林省,延边州,3,0,0,0,129.4773763202274,42.91574303372181
377,吉林省,松原,2,0,0,0,124.83148187569292,45.14740419341382
378,吉林省,通化,1,0,0,0,125.94660627598029,41.733815801613424
379,内蒙古自治区,鄂尔多斯,11,2,0,0,109.78744317923602,39.61448231394889
380,内蒙古自治区,包头,7,0,0,0,109.84654350721243,40.66292878826139
381,内蒙古自治区,呼和浩特,5,0,0,0,111.75550856170946,40.84842299711348
382,内蒙古自治区,巴彦淖尔,4,0,0,0,107.39439808372491,40.7493594895728
383,内蒙古自治区,赤峰,3,0,0,0,118.8955203975195,42.2616861034116
384,内蒙古自治区,呼伦贝尔,3,1,0,0,119.77237049946636,49.21844647556481
385,内蒙古自治区,乌兰察布,3,0,0,0,113.13946767446333,41.00074832767381
386,内蒙古自治区,乌海,2,0,0,0,106.80039104999656,39.6620063648907
387,内蒙古自治区,锡林郭勒盟,2,0,0,0,116.05439144074573,43.93942266533856
388,内蒙古自治区,通辽,1,0,0,0,122.25052178737633,43.657980083916655
389,内蒙古自治区,兴安盟,1,0,0,0,122.04436452582519,46.08846371321896
390,宁夏回族自治区,银川,20,1,0,0,106.23849358740017,38.492460055509596
391,宁夏回族自治区,吴忠,7,0,0,0,106.20537126663626,38.00371291345338
392,宁夏回族自治区,中卫,3,0,0,0,105.20357090088713,37.50570141870293
393,宁夏回族自治区,固原,2,0,0,0,106.24857742607188,36.02161725801098
394,宁夏回族自治区,石嘴山,1,0,0,0,106.3906004255049,38.98968283991508
395,宁夏回族自治区,宁东管委会,1,0,0,0,118.64261685407337,32.06191141003589
396,新疆维吾尔自治区,石河子,1,0,0,0,86.08688567193293,44.31197647806301
397,香港,香港,21,0,1,0,,
398,青海省,西宁,14,3,0,0,101.78445017050855,36.62338469651661
399,青海省,海北州,3,0,0,0,100.90743432145598,36.96066282412982
400,台湾,台湾,11,0,0,0,,
401,澳门,澳门,10,0,0,0,114.0688464555682,22.53615142365805
402,西藏自治区,拉萨,1,0,0,0,91.12082391546393,29.65004027476773
